colecao	est_docs	ano_amostra	tem_muni	pistas	variavel_amostra
1000	42709	2016	sim		Área plantada
1001	24729	2016	sim		Área plantada
1002	155324	2016	sim		Área plantada
1003	7315	2007	sim		Escrituras de separação
1004	20907	2007	sim		Escrituras de divórcio
1005	5547	2006	sim		Número de estabelecimentos agropecuários com eletrodomésticos
1006	3978	2006	sim		Número de estabelecimentos agropecuários com produção animal integrada à indústria
1008	5471	2006	sim		Número de estabelecimentos agropecuários com uso de agrotóxico
1009	5471	2006	sim		Número de estabelecimentos agropecuários com uso de agrotóxico
1010	4958	2006	sim		Número de estabelecimentos agropecuários com tratamento de esterco de animais
1011	11086	2006	sim		Número de estabelecimentos agropecuários
1012	5546	2006	sim		Número de estabelecimentos agropecuários com recursos hídricos
1013	11086	2006	sim		Número de estabelecimentos agropecuários
1014	11086	2006	sim		Número de estabelecimentos agropecuários
1015	11086	2006	sim		Número de estabelecimentos agropecuários
1016	11086	2006	sim		Número de estabelecimentos agropecuários
1017	11086	2006	sim		Número de estabelecimentos agropecuários
1018	5545	2006	sim		Número de estabelecimentos agropecuários com produtor proprietário, concessionário ou assentado sem titulação definitiva
1019	5545	2006	sim		Número de estabelecimentos agropecuários com produtor proprietário, concessionário ou assentado sem titulação definitiva
102	38955	2010	sim		Mulheres de 10 anos ou mais de idade que viviam em união conjugal
1020	5548	2006	sim		Produtores na direção dos trabalhos nos estabelecimentos agropecuários
1021	5548	2006	sim		Produtores na direção dos trabalhos nos estabelecimentos agropecuários
1022	5548	2006	sim		Pessoas que dirigem os estabelecimentos agropecuários
1023	5564	2008	sim		Municípios que possuem instrumento legal regulador do serviço de esgotamento sanitário
1024	16692	2008	sim		Municípios com serviço de esgotamento sanitário
1025	13826	2006	sim		Número de estabelecimentos agropecuários com mais de 50 cabeças de bovinos
1026	16692	2008	sim		Municípios que possuem órgão municipal gestor do serviço de esgotamento sanitário
1027	5564	2008	sim		Municípios com serviço de manejo de águas pluviais
1028	16692	2008	sim		Municípios que possuem instrumento legal regulador do serviço de manejo de águas pluviais
1029	16692	2008	sim		Municípios com manejo de águas pluviais
103	16695	2010	sim		Mulheres de 10 anos ou mais de idade que viviam em união conjugal e tiveram filhos nascidos vivos
1031	72410	1975	sim		Área dos estabelecimentos agropecuários
1036	5564	2008	sim		Municípios com manejo de águas pluviais
105	5565	2010	sim		Filhos tidos nascidos vivos pelas mulheres de 10 anos ou mais de idade que viviam em união conjugal
107	5565	2010	sim		Mulheres de 10 anos ou mais de idade que tiveram filhos nascidos vivos
108	38955	2010	sim	Populacao	Mulheres de 10 anos ou mais de idade residentes em domicílios particulares, exceto as cuja condição no domicílio era pensionista, empregada doméstica ou parente do(a) empregado(a) doméstico(a)
1097	44211	2006	sim		Número de estabelecimentos agropecuários que produziram leite de vaca
1098	11086	2006	sim		Número de estabelecimentos agropecuários
1099	11086	2006	sim		Número de estabelecimentos agropecuários
1100	120		sim		INPC - Variação mensal
1101	5548	2006	sim		Número de estabelecimentos agropecuários
1106	60	1989	sim		Superfície dos areais
1109	11086	2006	sim		Número de estabelecimentos agropecuários
1110	5545	2006	sim		Número de estabelecimentos agropecuários com produtor proprietário, concessionário ou assentado sem titulação definitiva
1111	5548	2006	sim		Produtores na direção dos trabalhos nos estabelecimentos agropecuários
1112	11086	2006	sim		Número de estabelecimentos agropecuários
1113	11096	2006	sim	Empresas / ocupacao	Pessoal ocupado em estabelecimentos agropecuários em 31/12
1114	11096	2006	sim	Empresas / ocupacao	Pessoal ocupado em estabelecimentos agropecuários em 31/12 com laço de parentesco com o produtor
1115	5533	2006	sim		Número de estabelecimentos agropecuários em que o produtor declarou ter atividade fora do estabelecimento no ano
1116	11083	2006	sim		Número de estabelecimentos agropecuários que obtiveram receitas no ano
1117	10670	2006	sim		Número de estabelecimentos agropecuários que obtiveram outras receitas no ano
1118	11084	2006	sim		Número de estabelecimentos agropecuários com produção
1119	5548	2006	sim		Número de estabelecimentos que não obtiveram financiamento
1120	5472	2006	sim		Número de estabelecimentos agropecuários que obtiveram financiamento
1144	30	1998	sim		Área total dos municípios componentes dos núcleos de desertificação na Região Nordeste
1161	5565	2010	sim		Domicílios particulares permanentes
1177	36201	2006	sim		Valor da produção dos estabelecimentos agropecuários com mais de 50 pés existentes em 31/12
1178	9470	2006	sim		Número de pés existentes nos estabelecimentos agropecuários com até 50 pés existentes em 31/12
1179	31194	2006	sim		Valor da produção dos estabelecimentos agropecuários com mais de 50 pés existentes em 31/12
1181	37098	2006	sim		Valor da produção dos estabelecimentos agropecuários com mais de 50 pés existentes em 31/12
1206	5565	2010	sim		Pessoas de 10 anos ou mais de idade
1211	11130	2010	sim		Domicílios particulares permanentes
1224	11051	2006	sim		Número de estabelecimentos agropecuários com bovinos
1225	16425	2006	sim		Número de estabelecimentos agropecuários com suínos
1226	21775	2006	sim		Número de estabelecimentos agropecuários com galinhas, galos, frangas, frangos e pintos
1227	10742	2006	sim		Quantidade produzida
1228	5564	2008	sim		Municípios com manejo de águas pluviais
1229	5564	2008	sim		Municípios que possuem órgão municipal gestor do serviço de manejo de águas pluviais
1230	5564	2008	sim		Municípios com serviço de manejo de resíduos sólidos
1231	5564	2008	sim		Municípios que possuem órgão municipal gestor do serviço de manejo de resíduos sólidos
1232	5564	2008	sim		Municípios com serviço de manejo de resíduos sólidos
1233	5564	2008	sim		Municípios que exercem controle sobre o manejo de resíduos especiais realizado por terceiros
1234	5564	2008	sim		Municípios com manejo de residuos sólidos
1235	2324	2008	sim		Número de catadores de lixo na zona urbana
1236	5564	2008	sim		Municípios com manejo de residuos sólidos
1237	5564	2008	sim		Municípios com manejo de residuos sólidos com participação de catadores nas ações de coleta seletiva
1238	11071	2000	sim		Municípios com algum serviço de saneamento básico
1239	11071	2000	sim		Municípios sem rede geral de abastecimento de água
1240	11071	2000	sim		Municípios sem rede coletora de esgoto
1241	5564	2008	sim		Municípios com manejo de residuos sólidos
1242	5564	2008	sim		Municípios com manejo de residuos sólidos
1244	11086	2006	sim		Número de estabelecimentos agropecuários
1245	5548	2006	sim		Número de estabelecimentos agropecuários
1246	16534	2006	sim		Número de estabelecimentos agropecuários
1247	5564	2008	sim		Municípios com manejo de residuos sólidos
1248	5564	2008	sim		Municípios que têm conhecimento da existência de catadores nas unidades de disposição de resíduos no solo
1249	11086	2006	sim		Número de estabelecimentos agropecuários
1255	5564	2008	sim		Municípios que possuem exclusivamente sistema de drenagem superficial nas ruas pavimentadas
1256	3626	2008	sim	Empresas / ocupacao	Pessoal ocupado contratado, terceirizado ou somente comissionado no serviço de manejo de águas pluviais
1257	5564	2008	sim		Municípios com serviços de manejo de resíduos sólidos
1258	87052	2006	sim		Número de estabelecimentos agropecuários com agricultura familiar
1259	22170	2006	sim		Número de estabelecimentos agropecuários com agricultura familiar
1260	22107	2006	sim	Empresas / ocupacao	Pessoal ocupado com laço familiar na agricultura familiar
1261	11085	2006	sim		Número de estabelecimentos agropecuários com agricultura familiar
1262	40200	2006	sim		Número de estabelecimentos agropecuários com pecuária de corte na agricultura familiar
1267	34597	2006	sim		Número de estabelecimentos agropecuários com pecuária de leite na agricultura familiar
1268	32637	2006	sim		Número de estabelecimentos agropecuários com suínos na agricultura familiar
1269	32925	2006	sim		Número de estabelecimentos agropecuários com aves na agricultura familiar
1270	31377	2006	sim		Número de estabelecimentos agropecuários que produziram ovos na agricultura familiar
1271	35220	2006	sim		Número de estabelecimentos agropecuários com agricultura familiar
1273	22170	2006	sim		Número de estabelecimentos agropecuários com agricultura familiar
1274	83860	2006	sim		Receita agropecuária indireta dos estabelecimentos agropecuários com agricultura familiar
1275	10986	2006	sim		Valor dos investimentos nos estabelecimentos agropecuários com agricultura familiar
1276	22150	2006	sim		Total de unidades de trabalho familiares nos estabelecimentos agropecuários com agricultura familiar
1277	11085	2006	sim		Valor dos bens nos estabelecimentos agropecuários com agricultura familiar
1278	42072	2006	sim		Número de estabelecimentos agropecuários com agricultura familiar
1279	27	2009	sim		Escolares frequentando o 9º ano do ensino fundamental
1280	27	2009	sim		Escolares frequentando o 9º ano do ensino fundamental
1287	268	1970	sim	Populacao	População nos municípios das capitais
1300	5564	2008	sim		Municípios com tratamento de esgoto sanitário
1301	11130	2010	sim		Área total das unidades territoriais
1302	5507	2000	sim	Populacao	População residente
1306	27	2009	sim		Escolares frequentando o 9º ano do ensino fundamental
1307	27	2009	sim		Escolares frequentando o 9º ano do ensino fundamental
1309	11072	2000	sim	Populacao	População residente
1310	11072	2000	sim		Domicílios recenseados
1311	11140	2000	sim		Número de domicílios particulares ocupados
1315	27	2009	sim		Escolares frequentando o 9º ano do ensino fundamental
1324	27	2009	sim		Escolares frequentando o 9º ano do ensino fundamental
1326	27	2009	sim		Escolares frequentando o 9º ano do ensino fundamental
1327	27	2009	sim		Escolares frequentando o 9º ano do ensino fundamental
1328	27	2009	sim		Escolares frequentando o 9º ano do ensino fundamental
1329	22171	2006	sim		Número de estabelecimentos agropecuários com agricultura familiar
1330	10780	2006	sim		Número de estabelecimentos agropecuários com empregados permanentes na agricultura familiar
1331	9458	2006	sim		Número de estabelecimentos agropecuários com serviços de empreitada na agricultura familiar
1332	27	2009	sim		Escolares frequentando o 9º ano do ensino fundamental
1336	27	2009	sim		Escolares frequentando o 9º ano do ensino fundamental
1340	27	2009	sim		Escolares frequentando o 9º ano do ensino fundamental
1341	27	2009	sim		Escolares frequentando o 9º ano do ensino fundamental
1344	27	2009	sim		Escolares frequentando o 9º ano do ensino fundamental
1345	27	2009	sim		Escolares frequentando o 9º ano do ensino fundamental
1352	81	2012	sim		Percentual de escolares frequentando o 9º ano do ensino fundamental, distribuído pela cor ou raça
1353	11071	2000	sim		Municípios com serviços de manejo de resíduos sólidos
1354	11071	2000	sim		Municípios com coleta de esgoto sanitário
1356	2877	2000	sim		Municípios com coleta de esgoto sanitário
1358	11071	2000	sim		Municípios com coleta de esgoto sanitário
1359	30314	2008	sim		Número total de municípios
136	15563	1991	sim	Populacao	População residente
1361	11134	2008	sim		Municípios com serviço de esgotamento sanitário
1362	11134	2008	sim		Municípios com serviço de esgotamento sanitário
1364	16641	2000	sim		Municípios com serviço de abastecimento de água por rede geral de distribuição
1365	40734	2008	sim		Número de economias abastecidas
1366	11134	2008	sim		Municípios com serviço de abastecimento de água por rede geral de distribuição
1367	5564	2008	sim		Municípios que estabelecem tarifa mínima para consumo de água
1368	11071	2000	sim		Municípios com rede de distribuição de água
1369	5564	2008	sim		Municípios com racionamento de água
137	15563	1991	sim	Populacao	População residente
1372	22170	2006	sim		Número de estabelecimentos agropecuários com agricultura familiar
1379	5565	2010	sim		Pessoas de 5 anos ou mais de idade
1381	33390	2010	sim		Pessoas de 10 anos ou mais de idade
1382	33390	2010	sim		Pessoas de 10 anos ou mais de idade
1384	5545	2010	sim		Pessoas de 10 anos ou mais de idade
1385	5565	2010	sim		Pessoas de 10 anos ou mais de idade, responsáveis pelos domicílios particulares
1386	5565	2010	sim	Populacao	Pessoas de até 10 anos de idade, residentes em domicílios particulares, cuja condição no domicílio não era pensionista, nem empregado(a) doméstico(a) ou seu parente
1387	83550		sim		IPCA15 - Variação mensal
1390	5565	2010	sim		Pessoas de 10 anos ou mais de idade
1391	33150	2010	sim		Pessoas de 10 anos ou mais de idade
1393	5565	2010	sim	Populacao	Pessoas de 10 anos ou mais de idade, residentes em domicílios particulares, cuja condição no domicílio não era pensionista, nem empregado(a) doméstico(a) ou seu parente
1397	11130	2010	sim		Domicílios particulares permanentes
1398	11090	2010	sim		Domicílios particulares permanentes
1419	120		sim		IPCA - Variação mensal
1420	83550		sim		IPCA dessazonalizado - Variação mensal
1421	11086	2006	sim		Número de estabelecimentos agropecuários
1422	11086	2006	sim		Número de estabelecimentos agropecuários
1424	323	2010	sim	Populacao	Pessoas de 5 anos ou mais de idade, alfabetizadas, residentes em domicílios particulares ocupados
1425	323	2010	sim	Populacao	População residente em domicílios particulares ocupados, nos municípios com presença identificada de aglomerados subnormais
1426	323	2010	sim	Populacao	População residente em domicílios particulares ocupados
1427	322	2010	sim		Domicílios particulares permanentes
1428	620	2010	sim	Renda / rendimento	Valor do rendimento nominal mediano mensal das pessoas de 10 anos ou mais de idade em domicílios particulares ocupados
1429	1065	2008	sim		Número de municípios com serviço de coleta seletiva
1431	11086	2006	sim		Número de estabelecimentos agropecuários
1434	11014	2000	sim		Domicílios particulares permanentes
1435	11014	2000	sim		Domicílios particulares permanentes
1436	11014	2000	sim		Domicílios particulares permanentes
1437	11014	2000	sim		Domicílios particulares permanentes
1438	11014	2000	sim		Domicílios particulares permanentes
1439	11014	2000	sim		Domicílios particulares permanentes
1440	5507	2000	sim		Domicílios particulares permanentes
1441	1065	2008	sim		Número de municípios com serviço de coleta seletiva
1442	5507	2000	sim		Domicílios particulares permanentes
1444	5507	2000	sim		Domicílios particulares permanentes
1446	5507	2000	sim		Domicílios particulares permanentes
1447	5507	2000	sim		Domicílios particulares permanentes
1449	5507	2000	sim		Domicílios particulares permanentes
1450	5507	2000	sim		Domicílios particulares permanentes
1451	5487	2000	sim		Domicílios particulares permanentes
1452	5487	2000	sim		Domicílios particulares permanentes
1453	5507	2000	sim		Domicílios particulares permanentes
1454	5507	2000	sim		Domicílios particulares permanentes
1456	11014	2000	sim		Domicílios particulares permanentes próprios
1458	5507	2000	sim		Domicílios particulares permanentes
1459	11086	2006	sim		Número de estabelecimentos agropecuários
146	9998	1991	sim		Pessoas de 10 anos ou mais de idade
1460	5507	2000	sim		Domicílios particulares permanentes
1461	5507	2000	sim		Domicílios particulares permanentes próprios
1462	5507	2000	sim		Domicílios particulares permanentes
1463	5507	2000	sim		Domicílios particulares permanentes
1464	5507	2000	sim		Domicílios particulares permanentes
1465	5507	2000	sim		Domicílios particulares permanentes
1466	5507	2000	sim		Domicílios particulares permanentes
1467	5487	2000	sim		Domicílios particulares permanentes
1468	5507	2000	sim		Domicílios particulares permanentes
1469	5487	2000	sim		Domicílios particulares permanentes
1470	11014	2000	sim		Domicílios particulares permanentes
1471	11014	2000	sim		Domicílios particulares permanentes
1472	11014	2000	sim		Domicílios particulares permanentes
1473	11014	2000	sim		Domicílios particulares permanentes
1474	9987	2010	sim		Pessoas indígenas
1475	5507	2000	sim		Domicílios particulares permanentes
1476	5507	2000	sim		Domicílios particulares permanentes
1477	5507	2000	sim		Domicílios particulares permanentes próprios
1478	5507	2000	sim		Domicílios particulares permanentes
1479	5507	2000	sim		Domicílios particulares permanentes
148	4491	1991	sim		Estudantes de 5 anos ou mais de idade
1480	5507	2000	sim		Domicílios particulares permanentes
1481	5507	2000	sim		Domicílios particulares permanentes
1482	5507	2000	sim		Domicílios particulares permanentes
1483	5507	2000	sim		Domicílios particulares permanentes
1484	5507	2000	sim		Domicílios particulares permanentes próprios
1485	5507	2000	sim		Domicílios particulares permanentes
1486	5507	2000	sim		Domicílios particulares permanentes
1487	5507	2000	sim		Domicílios particulares permanentes
1488	5507	2000	sim		Domicílios particulares permanentes
1489	5545	2010	sim	Populacao	População residente
1490	5507	2000	sim		Pessoas responsáveis pelos domicílios particulares permanentes
1491	5507	2000	sim		Pessoas responsáveis pelos domicílios particulares permanentes
1492	5487	2000	sim		Pessoas responsáveis pelos domicílios particulares permanentes
1493	5507	2000	sim		Pessoas responsáveis pelos domicílios particulares permanentes
1494	5507	2000	sim		Pessoas responsáveis pelos domicílios particulares permanentes
1495	5565	2010	sim	Populacao	População residente
1497	5565	2010	sim	Populacao	População residente
1505	5565	2010	sim	Populacao	População residente
1518	5507	2000	sim	Populacao	População residente
1519	5507	2000	sim	Populacao	População residente de 5 anos ou mais de idade
1520	5507	2000	sim	Populacao	População residente de 5 anos ou mais de idade
1521	5507	2000	sim	Populacao	População residente de 10 anos ou mais de idade
1522	5507	2000	sim	Populacao	População residente
1523	11087	2006	sim		Número de estabelecimentos agropecuários com agricultura familiar
1524	11087	2006	sim		Número de estabelecimentos agropecuários com agricultura familiar
1525	21612	2006	sim		Número de estabelecimentos agropecuários com agricultura familiar
1535	5563	2010	sim		Pessoas não naturais da unidade da federação
1539	5565	2010	sim		Pessoas de 10 anos ou mais de idade
1541	5565	2010	sim		Pessoas de 10 anos ou mais de idade
1542	5565	2010	sim		Pessoas de 10 anos ou mais de idade que viviam em união conjugal
1543	5545	2010	sim		Pessoas de 10 anos ou mais de idade, que não viviam mas já viveram em união conjugal
1545	38955	2010	sim		Mulheres de 10 anos ou mais de idade
1547	5565	2010	sim	Populacao	População residente
1549	11130	2010	sim	Populacao	População residente
155	4491	1991	sim	Renda / rendimento|Gini / desigualdade	Índice de Gini da renda das pessoas responsáveis pelos domicílios
1551	5565	2010	sim		Pessoas que frequentavam escola ou creche
1553	5507	2000	sim	Populacao	População residente de 5 anos ou mais de idade
1555	11084	2006	sim		Número de estabelecimentos agropecuários com produção
156	46689	1991	sim		Domicílios particulares ocupados
1561	11083	2006	sim		Número de estabelecimentos agropecuários que obtiveram receitas no ano
1569	10670	2006	sim		Número de estabelecimentos agropecuários que obtiveram outras receitas no ano
157	4491	1991	sim		Número médio de cômodos por domicílio
1570	11084	2006	sim		Número de estabelecimentos agropecuários que realizaram despesas
1571	11086	2006	sim		Número de estabelecimentos agropecuários com informações sobre bens
1572	5565	2010	sim		Pessoas de 10 anos ou mais de idade
1573	5565	2010	sim		Pessoas de 10 anos ou mais de idade ocupadas na semana de referência
1575	5565	2010	sim		Pessoas de 10 anos ou mais de idade ocupadas na semana de referência
1577	5565	2010	sim		Pessoas de 10 anos ou mais de idade, ocupadas na semana de referência
1579	5545	2010	sim		Pessoas de 10 anos ou mais de idade, ocupadas na semana de referência
158	4491	1991	sim		Número médio de cômodos servindo de dormitório por domicílio
1581	5565	2010	sim		Pessoas de 10 anos ou mais de idade, ocupadas na semana de referência
159	4491	1991	sim	Renda / rendimento	Valor do rendimento médio da pessoa responsável pelo domicílio
1594	52	2008	sim		Despesa monetária e não monetária média mensal familiar
1595	52	2008	sim		Número de famílias
160	4	1987	sim		Domicílios
1611	5565	2010	sim		Pessoas que frequentavam escola ou creche
1615	5565	2010	sim		Pessoas ocupadas na semana de referência
1617	11130	2010	sim		Domicílios particulares permanentes
1619	52	2008	sim		Despesa monetária e não monetária média mensal familiar
1624	15563	1991	sim		Pessoas de 10 anos ou mais de idade
1625	52	2008	sim	Renda / rendimento	Rendimento total e variação patrimonial médio mensal familiar
1626	2184	1991	sim		Estrangeiros
163	4491	1991	sim		Chefes de domicílios particulares permanentes
164	4491	1991	sim		Chefes de domicílios particulares permanentes
1646	83550		sim		IPCA15 - Variação mensal
1648	5548	2006	sim		Pessoas que dirigem os estabelecimentos agropecuários
165	4491	1991	sim		Pessoas moradoras
1653	5548	2006	sim		Número de estabelecimentos agropecuários
1654	14204	2006	sim		Área cortada de espécies da silvicultura
1657	16710	2006	sim		Número de estabelecimentos agropecuários com aquicultura
1658	20700	2006	sim		Número de estabelecimentos agropecuários com tratores na agricultura não familiar
1659	27923	2006	sim		Número de estabelecimentos agropecuários com agricultura familiar
166	4491	1991	sim		Pessoas moradoras em domicílios particulares permanentes
1665	5564	2008	sim		Municípios com dispositivo coletivo de detenção ou amortecimento de vazão de águas pluviais urbanas
1667	25194	2006	sim		Número de estabelecimentos agropecuários com ovinos
1668	22348	2006	sim		Número de estabelecimentos agropecuários com caprinos
1669	4958	2006	sim		Número de estabelecimentos agropecuários com tratamento de esterco de animais
167	4491	1991	sim		Pessoas moradoras em domicílios particulares permanentes
1670	34944	2006	sim		Valor da produção dos estabelecimentos agropecuários com mais de 50 pés existentes em 31/12
1671	11007	2006	sim		Número de estabelecimentos agropecuários com aves
1672	10969	2006	sim		Número de estabelecimentos agropecuários com suínos
1673	37245	2006	sim		Número de estabelecimentos agropecuários que produziram leite de vaca
1679	8412	2006	sim		Número de pés existentes nos estabelecimentos agropecuários com até 50 pés existentes em 31/12
168	4491	1991	sim		Pessoas moradoras em domicílios particulares permanentes
1680	16534	2006	sim		Número de estabelecimentos agropecuários
1682	4412	2006	sim		Valor da produção
1684	5564	2008	sim		Municípios com rede de distribuição de água
1685	267360	2016	sim	Empresas / ocupacao	Número de unidades locais
1686	27850		sim		INPC - Variação mensal
1687	7436	2009	sim		Número de separações consensuais concedidas em 1ª instância ou por escritura
1688	6473	2006	sim		Valor da produção
1689	37098	2006	sim		Valor da produção dos estabelecimentos agropecuários com mais de 50 pés existentes em 31/12
169	4	1987	sim		Domicílios
1690	27850		sim		INPC - Peso mensal
1691	27850		sim		INPC - Variação acumulada no ano
1692	5		sim		IPCA - Variação mensal
1693	27850		sim		IPCA - Peso mensal
1694	27850		sim		IPCA - Variação acumulada no ano
1695	38393	2016	sim		Número de divórcios concedidos em 1ª instância ou por escritura
1699	16695	2010	sim		Pessoas de 10 anos ou mais de idade
170	5570	1991	sim	Renda / rendimento	Valor do rendimento médio da pessoa responsável pelo domicílio
1702	5565	2010	sim	Populacao	Pessoas residentes em domicílios particulares
1704	3677	2006	sim		Valor da produção
1705	80		sim		IPCA15 - Variação mensal
1706	5258	2006	sim		Valor da produção
1708	3069	2008	sim		Municípios com rede coletora de esgoto
1709	5304	2008	sim		Quantidade de caminhões utilizados nos serviços de manejo de resíduos sólidos
171	4491	1991	sim		Chefes de domicílios particulares permanentes
1710	994	2008	sim		Número de municípios com serviço de coleta seletiva
1711	5258	2006	sim		Valor da produção
1712	20	2006	sim		Valor da produção
1713	5564	2008	sim		Municípios com serviço de manejo de pilhas e baterias
1714	5564	2008	sim		Municípios com serviço de manejo de pilhas e baterias
1715	5564	2008	sim		Municípios com serviço de manejo de resíduos de construção e demolição
1716	11046	2006	sim		Valor da produção
1717	5564	2008	sim		Municípios com serviço de manejo de resíduos de construção e demolição
1718	159	2008	sim		Municípios que coletam e/ou recebem resíduos sólidos industriais perigosos e/ou não-inertes
1719	159	2008	sim		Municípios que coletam e/ou recebem resíduos sólidos industriais perigosos e/ou não-inertes
172	4491	1991	sim		Pessoas moradoras em domicílios particulares permanentes
1720	11046	2006	sim		Valor da produção
1723	11046	2006	sim		Valor da produção
1724	5014	2006	sim		Valor da produção
1727	5505	2008	sim		Número de entidades com coleta domiciliar regular de resíduos sólidos
1729	11051	2006	sim		Número de estabelecimentos agropecuários com efetivo de bovinos
173	4491	1991	sim		Pessoas moradoras em domicílios particulares permanentes
1734	5672	2006	sim	Empresas / ocupacao	Número de unidades locais
1735	27016	2002	sim	Empresas / ocupacao	Número de unidades locais
1738	5291	2008	sim		Número de sedes do município com serviço de coleta regular de resíduos sólidos nas vias e logradouros públicos
174	4491	1991	sim		Pessoas moradoras em domicílios particulares permanentes
1748	21858	2006	sim		Número de estabelecimentos agropecuários com agricultura familiar
1749	22280	2006	sim		Número de estabelecimentos agropecuários com efetivo da pecuária na agricultura familiar
175	4491	1991	sim		Pessoas moradoras em domicílios particulares permanentes
1750	5548	2006	sim		Número de estabelecimentos agropecuários
1751	5564	2008	sim		Número de distritos com rede de distribuição de água
1752	5564	2008	sim		Municípios com serviço de abastecimento de água por rede geral de distribuição
1753	16692	2008	sim		Municípios com captação superficial
1754	16692	2008	sim		Municípios com captação superficial
1755	5564	2008	sim		Municípios com geração de lodo no processo de tratamento de água
1756	5391	2000	sim		Número de distritos com serviço de abastecimento de água
1758	11014	2000	sim		Municípios com algum serviço de saneamento básico
1759	11014	2000	sim		Municípios sem rede geral de abastecimento de água
176	4	1987	sim		Domicílios
1760	32346	2000	sim		Número de distritos com serviço de abastecimento de água
1764	5564	2008	sim		Municípios que sofreram inundações e/ou alagamentos na área urbana nos últimos cinco anos
1765	11134	2008	sim		Municípios com serviço de abastecimento de água por rede geral de distribuição
1766	5391	2000	sim		Número de distritos com serviço de abastecimento de água
1767	11134	2008	sim		Municípios com serviço de abastecimento de água por rede geral de distribuição
1769	16173	2000	sim		Número de distritos com captação superficial
177	4	1987	sim		Domicílios
1770	16173	2000	sim		Número de distritos com captação superficial
1772	7765	2000	sim		Número de distritos com captação superficial
1773	10308	2000	sim		Volume de água tratada distribuída por dia
1774	15819	2000	sim		Número de economias abastecidas
1775	9843	2000	sim		Número de ligações de água
1776	5090	2000	sim		Extensão da rede distribuidora de água
1777	5909	2000	sim		Número de estações de tratamento
1778	4408	2000	sim		Número de distritos com controle de qualidade com análise realizada na água bruta
1779	5505	2008	sim		Número de sedes de município com serviço de coleta domiciliar regular de resíduos sólidos
178	4491	1991	sim		Domicílios particulares permanentes
1780	4018	2000	sim		Número de distritos com controle de qualidade com análise realizada na água tratada
1781	5391	2000	sim		Número de distritos cuja água tratada passa por processo de coagulação química
1782	5391	2000	sim		Número de distritos com serviço de abastecimento de água
1784	5391	2000	sim		Número de distritos com racionamento de água
1785	4614	2000	sim		Número de distritos cujas entidades prestadoras de serviço de abastecimento realizam coleta de amostra para análise na rede de distribuição
1786	4698	2000	sim		Número de distritos abastecidos
1787	10922	2000	sim		Número de distritos abastecidos
1788	4487	2000	sim		Número de distritos com tarifa mínima para consumo de água
1789	4049	2000	sim		Número de distritos com programa de controle de perdas de água
179	4491	1991	sim		Domicílios particulares permanentes
1790	3473	2000	sim		Número de distritos com programa de controle de perdas de faturamento
1791	5391	2000	sim		Número de distritos abastecidos
1792	5391	2000	sim		Número de distritos abastecidos
1793	2279	2000	sim		Número de distritos abastecidos que adicionam fluor na água
1794	2279	2000	sim		Número de distritos abastecidos que adicionam fluor na água
1795	2279	2000	sim		Número de distritos abastecidos que adicionam fluor na água
1796	2466	2000	sim		Número de distritos abastecidos com água fluoretada
1797	2391	2000	sim		Número de distritos abastecidos com água fluoretada que realizam controle de fluoretação
1798	2391	2000	sim		Número de distritos abastecidos com água fluoretada que realizam controle de fluoretação
180	4491	1991	sim		Domicílios particulares permanentes
1800	5391	2000	sim		Número de distritos com rede de distribuição de água
1801	5391	2000	sim		Número de distritos com serviço de abastecimento de água
1804	11014	2000	sim		Municípios sem rede coletora de esgoto
1806	2623	2000	sim		Número de distritos com coleta de esgoto sanitário
1808	2877	2000	sim		Número de distritos com coleta de esgoto sanitário
181	4491	1991	sim		Domicílios particulares permanentes
1812	11014	2000	sim		Municípios com coleta de esgoto sanitário
1815	2877	2000	sim		Número de distritos com tratamento de esgoto sanitário
1816	1111	2000	sim		Número de distritos com tratamento de esgoto sanitário
1817	1111	2000	sim		Número de distritos com tratamento de esgoto sanitário
1819	10149	2006	sim		Número de estabelecimentos agropecuários com uso de irrigação
182	4491	1991	sim		Domicílios particulares permanentes
1820	8271	2000	sim		Número total de distritos
1821	36998	2006	sim		Valor da produção dos estabelecimentos agropecuários com mais de 50 pés existentes em 31/12
1822	9470	2006	sim		Número de pés existentes nos estabelecimentos agropecuários com até 50 pés existentes em 31/12
1823	16586	2006	sim		Número de estabelecimentos agropecuários
1824	10775	2000	sim		Número total de distritos
1825	2715	2000	sim		Volume de esgoto coletado por dia
1826	2712	2000	sim		Extensão da rede coletora separadora convencional
1827	2877	2000	sim		Número de distritos com coleta de esgoto sanitário que utilizam emissário para lançamento de esgoto sanitário
1828	2877	2000	sim		Número de distritos com coleta de esgoto sanitário e que possuem interceptores
1829	4249	2000	sim		Número de distritos com coleta de esgoto sanitário
183	4491	1991	sim		Domicílios particulares permanentes
1830	2877	2000	sim		Número de distritos com coleta de esgoto sanitário e com uso a jusante dos principais corpos receptores do esgoto sanitário
1831	1111	2000	sim		Número de distritos com tratamento de esgoto sanitário
1832	2877	2000	sim		Número de distritos com coleta de esgoto sanitário
1833	1208	2000	sim		Número de distritos com cobrança do serviço de esgotamento sanitário proporcional ao valor da conta de água
1835	2194	2000	sim	Empresas / ocupacao	Pessoal ocupado no serviço de esgotamento sanitário
1836	2587	2000	sim	Empresas / ocupacao	Pessoal ocupado exclusivamente no serviço de esgotamento sanitário
1837	2877	2000	sim		Número de distritos com coleta de esgoto sanitário
1838	8723	1999	sim		Número de separações judiciais concedidas em 1ª instância
184	4491	1991	sim		Domicílios particulares permanentes
185	15563	1991	sim		Domicílios particulares permanentes
1857	11046	2006	sim		Número de estabelecimentos agropecuários
1859	8379	2006	sim		Número de estabelecimentos agropecuários que utilizaram plantio direto na palha
186	5570	1991	sim		Número médio de cômodos servindo de dormitório por domicílio
1861	8379	2006	sim		Número de estabelecimentos agropecuários que utilizaram plantio direto na palha
1863	5548	2006	sim		Número de estabelecimentos agropecuários
1865	5548	2006	sim		Número de estabelecimentos agropecuários
187	5564	2008	sim		Municípios com manejo de residuos sólidos
1879	11096	2006	sim	Empresas / ocupacao	Pessoal ocupado em estabelecimentos agropecuários em 31/12 com laço de parentesco com o produtor
1884	5513	2006	sim		Número de estabelecimentos agropecuários em que o produtor declarou ter atividade fora do estabelecimento no ano
1887	5548	2006	sim		Número de estabelecimentos que não obtiveram financiamento
1893	10835	2006	sim		Número de estabelecimentos agropecuários que obtiveram financiamento
1897	11033	2006	sim		Número de estabelecimentos agropecuários que investiram
1898	11086	2006	sim		Número de estabelecimentos agropecuários com informações sobre bens
1905	10708	2006	sim		Número de estabelecimentos agropecuários
1909	11044	2006	sim		Número de estabelecimentos agropecuários que realizaram despesas
1911	11083	2006	sim		Número de estabelecimentos agropecuários que obtiveram receitas no ano
1919	10631	2006	sim		Número de estabelecimentos agropecuários que obtiveram outras receitas no ano
1921	136	2008	sim		Municípios que coletam resíduos sólidos industriais perigosos e/ou não-inertes
1931	11084	2006	sim		Número de estabelecimentos agropecuários com produção
1932	11086	2006	sim		Número de estabelecimentos agropecuários
1935	11048	2006	sim		Número de estabelecimentos agropecuários
194	22123	1999	sim		Nascidos vivos registrados no ano
196	4491	1991	sim		Domicílios particulares permanentes
1963	5528	2006	sim		Número de estabelecimentos agropecuários
1966	5548	2006	sim		Número de estabelecimentos agropecuários
1967	5528	2006	sim		Número de estabelecimentos agropecuários
1968	5487	2000	sim	Populacao	População residente
1969	5507	2000	sim	Populacao	População residente
197	20127	1999	sim		Nascidos vivos ocorridos no ano
1970	5548	2006	sim		Número de estabelecimentos agropecuários
1971	5507	2000	sim	Populacao	População residente
1972	11072	2000	sim		Pessoas que frequentavam escola ou creche
1973	11072	2000	sim		Pessoas que frequentavam escola ou creche
1974	5507	2000	sim		Pessoas de 5 anos ou mais de idade
1975	8358	2006	sim		Número de estabelecimentos agropecuários que utilizaram plantio direto na palha
1976	5507	2000	sim		Pessoas de 5 anos ou mais de idade
1977	5467	2000	sim	Populacao	População residente
1978	5488	2000	sim		Pessoas de 10 anos ou mais de idade
1979	5548	2006	sim		Número de estabelecimentos agropecuários
1980	5507	2000	sim		Mulheres de 10 anos ou mais de idade
1981	5507	2000	sim		Filhos tidos pelas mulheres de 10 anos ou mais de idade
1982	16710	2006	sim		Número de estabelecimentos agropecuários
1983	5507	2000	sim		Pessoas de 10 anos ou mais de idade
1984	5487	2000	sim		Pessoas de 10 anos ou mais de idade ocupadas na semana de referência
1985	5507	2000	sim		Pessoas de 10 anos ou mais de idade ocupadas na semana de referência
1989	5507	2000	sim		Pessoas de 10 anos ou mais de idade ocupadas na semana de referência
1990	5507	2000	sim		Pessoas de 10 anos ou mais de idade ocupadas na semana de referência
1991	16521	2000	sim	Renda / rendimento	Pessoas de 10 anos ou mais de idade, com rendimento
1992	16521	2000	sim	Renda / rendimento	Pessoas de 10 anos ou mais de idade, ocupadas na semana de referência e com rendimento de trabalho
1993	33042	2000	sim		Domicílios particulares permanentes
2002	5548	2006	sim		Número de estabelecimentos agropecuários
2003	5487	2000	sim	Populacao	Famílias residentes em domicílios particulares
2004	5507	2000	sim	Populacao	Pessoas residentes em domicílios particulares
2005	5487	2000	sim	Populacao	Pessoas residentes em domicílios particulares
2006	11086	2006	sim		Número de estabelecimentos agropecuários
2007	10149	2006	sim		Número de estabelecimentos agropecuários com uso de irrigação
2008	22144	2000	sim		Domicílios particulares permanentes
2009	22144	2000	sim		Domicílios particulares permanentes
201	4491	1991	sim	Populacao	População residente de 5 anos ou mais de idade
2010	11140	2000	sim		Domicílios particulares permanentes
2011	5507	2000	sim		Domicílios particulares permanentes
2012	5507	2000	sim		Domicílios particulares permanentes
2013	5507	2000	sim		Domicílios particulares permanentes
2014	5507	2000	sim		Domicílios particulares permanentes
2015	5570	2000	sim		Domicílios particulares permanentes
2016	5507	2000	sim		Moradores em domicílios particulares permanentes
2017	5507	2000	sim		Moradores em domicílios particulares permanentes
2018	5507	2000	sim		Moradores em domicílios particulares permanentes
2019	5507	2000	sim		Moradores em domicílios particulares permanentes
202	23505	1970	sim	Populacao	População residente
2020	5570	2000	sim		Moradores em domicílios particulares permanentes
2021	5507	2000	sim		Moradores em domicílios particulares permanentes
2022	5487	2000	sim		Moradores em domicílios particulares permanentes
2023	5507	2000	sim		Moradores em domicílios particulares permanentes
2024	5487	2000	sim		Moradores em domicílios particulares permanentes
2025	5570	2000	sim		Moradores em domicílios particulares permanentes
2026	17416	2006	sim		Número de estabelecimentos agropecuários
2027	19874	2006	sim		Número de estabelecimentos agropecuários
2029	5545	2006	sim		Número de estabelecimentos agropecuários com produtor proprietário, concessionário ou assentado sem titulação definitiva
203	3389	1991	sim	Populacao	População residente de 5 anos ou mais de idade
2030	11072	2000	sim		Pessoas de 10 anos ou mais de idade
2031	11072	2000	sim		Pessoas de 10 anos ou mais de idade ocupadas na semana de referência
2032	5507	2000	sim		Pessoas de 10 anos ou mais de idade ocupadas na semana de referência
2033	33216	2000	sim	Renda / rendimento	Pessoas de 10 anos ou mais de idade, com rendimento
2034	33216	2000	sim	Renda / rendimento	Pessoas de 10 anos ou mais de idade, ocupadas na semana de referência e com rendimento de trabalho
2035	33042	2000	sim		Domicílios particulares permanentes
2038	13442	2006	sim		Número de estabelecimentos agropecuários
2039	11077	2006	sim		Número de estabelecimentos agropecuários
204	9998	1991	sim	Populacao	População residente de 5 anos ou mais de idade
205	4491	1991	sim	Populacao	População residente
206	23505	1970	sim		Domicílios particulares permanentes
2063	5548	2006	sim		Número de estabelecimentos agropecuários
2064	241	2008	sim		Municípios que coletam resíduos sólidos industriais perigosos e/ou não-inertes
2065	5565	2010	sim		Domicílios particulares permanentes
2067	5548	2006	sim		Número de estabelecimentos agropecuários
2068	5548	2006	sim		Número de estabelecimentos agropecuários
2069	5548	2006	sim		Número de estabelecimentos agropecuários
207	15563	1991	sim		Pessoas moradoras em domicílios particulares permanentes
2070	5548	2006	sim		Número de estabelecimentos agropecuários
2071	11054	2006	sim	Empresas / ocupacao	Pessoal ocupado em estabelecimentos agropecuários em 31/12 sem laço de parentesco com o produtor
2073	11096	2006	sim	Empresas / ocupacao	Pessoal ocupado em estabelecimentos agropecuários em 31/12
208	4491	1991	sim		Domicílios
2093	11072	2000	sim	Populacao	População residente
2094	11072	2000	sim	Populacao	População residente
2095	5507	2000	sim		Pessoas de 5 anos ou mais de idade
2096	5507	2000	sim	Populacao	População residente
2097	5507	2000	sim		Pessoas de 15 anos ou mais de idade
2098	11072	2000	sim		Pessoas de 10 anos ou mais de idade
2099	5507	2000	sim		Pessoas de 10 anos ou mais de idade ocupadas na semana de referência
21	20700	2008	sim	PIB / PIB per capita	Produto Interno Bruto a preços correntes
2100	5507	2000	sim		Pessoas de 10 anos ou mais de idade ocupadas na semana de referência
2101	5507	2000	sim		Pessoas de 10 anos ou mais de idade
2102	5507	2000	sim	Populacao	População residente
2103	11072	2000	sim	Populacao	População residente
2104	11072	2000	sim		Pessoas de 5 anos ou mais de idade
2105	11072	2000	sim	Populacao	População residente
2106	5507	2000	sim		Pessoas de 15 anos ou mais de idade
2107	11072	2000	sim		Pessoas de 10 anos ou mais de idade
2108	5507	2000	sim		Pessoas de 10 anos ou mais de idade ocupadas na semana de referência
2109	5507	2000	sim		Pessoas de 10 anos ou mais de idade ocupadas na semana de referência
2110	5507	2000	sim		Pessoas de 10 anos ou mais de idade
2111	5507	2000	sim	Populacao	População residente
2112	5507	2000	sim	Populacao	População residente
2113	5507	2000	sim		Pessoas de 5 anos ou mais de idade
2114	5507	2000	sim	Populacao	População residente
2115	5507	2000	sim		Pessoas de 15 anos ou mais de idade
2116	5507	2000	sim		Pessoas de 10 anos ou mais de idade
2118	5507	2000	sim		Pessoas de 10 anos ou mais de idade ocupadas na semana de referência
213	22102	1999	sim		Nascidos vivos ocorridos no ano
214	22102	1999	sim		Nascidos vivos ocorridos no ano
2140	5507	2000	sim		Pessoas de 10 anos ou mais de idade
2141	5507	2000	sim		Pessoas de 5 anos ou mais de idade
2142	5507	2000	sim	Populacao	População residente
2144	5547	2006	sim		Número de estabelecimentos agropecuários com eletrodomésticos
2145	9570	2010	sim		Naturalizados brasileiros
2146	5472	2006	sim		Número de estabelecimentos agropecuários que obtiveram financiamento
2147	10718	2006	sim		Número de estabelecimentos agropecuários, com agricultura familiar, com uso de agrotóxico
2148	10718	2006	sim		Número de estabelecimentos agropecuários, com agricultura familiar, com uso de agrotóxico
2164	11086	2006	sim		Número de estabelecimentos agropecuários
217	5570	1991	sim		Domicílios particulares permanentes
2172	5546	2006	sim		Número de estabelecimentos agropecuários com recursos hídricos
2174	11086	2006	sim		Número de estabelecimentos agropecuários
2188	11082	2006	sim		Número de estabelecimentos agropecuários
2201	11087	2006	sim		Produtores na direção dos trabalhos nos estabelecimentos agropecuários com agricultura familiar
2202	11087	2006	sim		Produtores na direção dos trabalhos nos estabelecimentos agropecuários com agricultura familiar
2203	5548	2006	sim		Pessoas que dirigem os estabelecimentos agropecuários
2204	11086	2006	sim		Número de estabelecimentos agropecuários
221	4491	1991	sim	Populacao	População residente
2217	5548	2006	sim		Número de estabelecimentos agropecuários
2218	16710	2006	sim		Número de estabelecimentos agropecuários
2219	16710	2006	sim		Número de estabelecimentos agropecuários
222	4491	1991	sim	Populacao	População residente de 5 anos ou mais de idade
2220	14204	2006	sim		Área cortada de espécies da silvicultura
2222	4327	2000	sim		Número de entidades prestadoras de serviços de manejo de águas pluviais
2223	4327	2000	sim		Número de entidades prestadoras de serviços de manejo de águas pluviais
2224	1926	2000	sim	Empresas / ocupacao	Pessoal ocupado no serviço de manejo de águas pluviais
2225	4327	2000	sim		Municípios com serviços de manejo de águas pluviais
2226	4327	2000	sim		Municípios com serviços de manejo de águas pluviais
2227	4327	2000	sim		Municípios que possuem instrumentos reguladores do serviço de manejo de águas pluviais
2228	4327	2000	sim		Municípios com serviços de manejo de águas pluviais
2229	14	2000	sim		Municípios que concedem a gerência do serviço de manejo de águas pluviais à empreiteiras
2230	9891	2000	sim		Municípios com serviço de drenagem urbana subterrâneo
2231	4327	2000	sim		Municípios com serviço de drenagem urbana subterrâneo
2232	4412	2006	sim		Valor da produção
2233	6473	2006	sim		Valor da produção
2234	3677	2006	sim		Valor da produção
2235	5239	2006	sim		Valor da produção
2236	5258	2006	sim		Valor da produção
2237	10806	2006	sim		Valor da produção
2238	3047	2000	sim		Extensão da rede de drenagem urbana
2239	9891	2000	sim		Municípios com serviços de manejo de águas pluviais
224	4491	1991	sim	Populacao	Pessoas residentes em domicílios particulares permanentes
2240	4327	2000	sim		Municípios que possuem bacias de detenção ou amortecimento
2241	9891	2000	sim		Municípios com serviços de manejo de águas pluviais
2242	4327	2000	sim		Municípios com serviço de manejo de águas pluviais, cujas entidades dispõem de informações pluviométricas/metereológicas
2243	4327	2000	sim		Municípios com serviço de manejo de águas pluviais, cujas entidades realizam manutenção no sistema
2244	9891	2000	sim		Municípios com serviços de manejo de águas pluviais
2245	9891	2000	sim		Municípios que sofreram inundações ou enchentes nos últimos cinco anos
2246	6520	2000	sim		Total geral de municípios
2247	9891	2000	sim		Municípios que apresentam problemas de erosão que afetam o sistema de drenagem urbana
2248	6171	2000	sim		Total geral de municípios
2249	5565	2010	sim		Domicílios particulares permanentes
225	9327	1999	sim		Número de divórcios concedidos em 1ª instância
2250	5565	2010	sim		Domicílios particulares permanentes
2251	4327	2000	sim		Municípios que possuem encostas no perímetro urbano
2252	9891	2000	sim		Municípios que possuem áreas de risco no perímetro urbano que demandam drenagem especial
2253	4327	2000	sim		Municípios que possuem ruas pavimentadas no perímetro urbano
2254	9891	2000	sim		Municípios que possuem ruas pavimentadas no perímetro urbano
2255	4327	2000	sim		Municípios que possuem ruas pavimentadas no perímetro urbano
2256	9891	2000	sim		Municípios que possuem sistema de drenagem subterrânea nas ruas pavimentadas
2257	4327	2000	sim		Municípios que possuem sistema de drenagem superficial nas ruas pavimentadas
2258	9891	2000	sim		Municípios que tiveram problemas de erosão no perímetro urbano nos últimos dois anos
2265	11006	2006	sim		Valor da produção
2266	11046	2006	sim		Valor da produção
2277	5475	2000	sim		Número de entidades prestadoras de serviços de manejo de resíduos sólidos
2278	5475	2000	sim		Número de entidades prestadoras de serviços de manejo de resíduos sólidos
2279	5475	2000	sim		Número de entidades prestadoras de serviços de manejo de resíduos sólidos
228	5507	2000	sim	Populacao	Famílias residentes em domicílios particulares
2280	5475	2000	sim		Número de entidades prestadoras de serviços de manejo de resíduos sólidos
2281	5475	2000	sim		Municípios com serviços de manejo de resíduos sólidos
2282	6683	2000	sim		Municípios com serviços de manejo de resíduos sólidos
2283	5475	2000	sim		Municípios com serviços de manejo de resíduos sólidos
2284	11046	2006	sim		Valor da produção
229	11070	2000	sim	Populacao	Famílias residentes em domicílios particulares
2297	2484	2000	sim		Municípios com serviços de manejo de resíduos sólidos
2298	5475	2000	sim		Municípios com serviços de manejo de resíduos sólidos
2299	5475	2000	sim		Municípios com serviços de manejo de resíduos sólidos
2300	5475	2000	sim		Municípios com serviços de manejo de resíduos sólidos
2301	5475	2000	sim		Municípios com serviços de manejo de resíduos sólidos
2306	5570	2000	sim		Número de distritos sede com serviço de coleta de resíduos sólidos
2307	10905	2000	sim		Número de distritos sede com sistema de varrição e capina das vias públicas
2316	81	2012	sim		Percentual de escolares frequentando o 9º ano do ensino fundamental, distribuído pela dependência administrativa da escola
2317	81	2012	sim		Percentual de escolares frequentando o 9º ano do ensino fundamental, distribuído pelo sexo
2331	5471	2000	sim		Número de distritos com serviços de manejo de resíduos sólidos
2332	5092	2000	sim		Quantidade diária de lixo coletado
2333	5646	2000	sim		Número de municípios
2334	7935	2000	sim		Municípios que coletam e/ou recebem resíduos sólidos de serviços de saúde sépticos
2335	4799	2008	sim		Municípios que coletam e/ou recebem resíduos sólidos de serviços de saúde sépticos
2336	5677	2000	sim		Municípios que coletam e/ou recebem resíduos sólidos de serviços de saúde sépticos
2337	3466	2000	sim		Municípios que coletam e/ou recebem resíduos sólidos de serviços de saúde sépticos
2338	674	2000	sim		Municípios que coletam e/ou recebem resíduos sólidos industriais perigosos e/ou não-inertes
2339	1213	2000	sim		Municípios que coletam e/ou recebem resíduos sólidos industriais perigosos e/ou não-inertes
2340	674	2000	sim		Municípios que coletam e/ou recebem resíduos sólidos industriais perigosos e/ou não-inertes
2346	5471	2000	sim		Municípios com serviço de coleta de lixo
2347	5223	2000	sim		Municípios com serviço de coleta de lixo, que possuem áreas para disposição final dos resíduos
2348	5223	2000	sim		Municípios com serviço de coleta de lixo, que possuem áreas para disposição final dos resíduos
2349	5348	2000	sim		Municípios com serviço de coleta de lixo, que possuem áreas para disposição final dos resíduos
2350	5223	2000	sim		Municípios com serviço de coleta de lixo, que possuem áreas para disposição final dos resíduos
2351	5475	2000	sim		Municípios com serviços de manejo de resíduos sólidos
2352	5014	2006	sim		Valor da produção
2353	1437	2000	sim		Número de catadores de lixo nas unidades de destinação final do lixo
2354	1548	2000	sim		Municípios que têm conhecimento da existência de catadores nas unidades de destinação final do lixo
2355	5475	2000	sim		Municípios com serviços de manejo de resíduos sólidos
2356	172	2000	sim		Número de pessoas que residem nos lixões
2358	50	2000	sim		Municípios com serviço de coleta de lixo seletiva interrompida
2359	451	2000	sim		Número de entidades que participaram de algum projeto de coleta seletiva no município
2360	11051	2006	sim		Número de estabelecimentos agropecuários com efetivo de bovinos
2361	451	2000	sim		Número de municípios com serviço de coleta seletiva
2362	1445	2008	sim		Número de municípios com serviço de coleta seletiva
2363	451	2000	sim		Número de municípios com serviço de coleta seletiva
2364	451	2000	sim		Número de municípios com serviço de coleta seletiva
2365	1113	2000	sim		Número de municípios com serviço de coleta seletiva
2366	5457	2000	sim		Número de veículos e equipamentos utilizados nos serviços de manejo de resíduos sólidos
2367	5409	2000	sim	Empresas / ocupacao	Pessoal ocupado nos serviços de manejo de resíduos sólidos
2368	5207	2000	sim		Número de entidades prestadoras de serviços de manejo de resíduos sólidos
2369	5475	2000	sim		Municípios com serviços de manejo de resíduos sólidos
2370	16710	2006	sim		Número de estabelecimentos agropecuários
2379	11051	2006	sim		Número de estabelecimentos agropecuários com bovinos
238	5507	2000	sim	Populacao	Famílias residentes em domicílios particulares
2380	16710	2006	sim		Número de estabelecimentos agropecuários
2381	44369	2006	sim		Número de estabelecimentos agropecuários que produziram leite de vaca
2390	10969	2006	sim		Número de estabelecimentos agropecuários com suínos
2392	16710	2006	sim		Número de estabelecimentos agropecuários
2394	11007	2006	sim		Número de estabelecimentos agropecuários com aves
2395	16710	2006	sim		Número de estabelecimentos agropecuários
2400	37026	2006	sim		Número de estabelecimentos agropecuários que produziram ovos de galinhas
2401	16506	2006	sim		Número de estabelecimentos agropecuários com aves
2402	3712	2006	sim		Número de estabelecimentos agropecuários que compraram ovos de galinhas para incubação no ano
2403	5507	2000	sim		Pessoas de 5 anos ou mais de idade
2404	5507	2000	sim		Filhos vivos em 31/07/2000 das mulheres de 10 anos ou mais de idade
2406	22348	2006	sim		Número de estabelecimentos agropecuários com caprinos
2407	11014	2000	sim		Domicílios particulares permanentes
2408	11014	2000	sim		Domicílios particulares permanentes
2409	11014	2000	sim		Domicílios particulares permanentes
2410	16710	2006	sim		Número de estabelecimentos agropecuários
2411	16521	2000	sim	Renda / rendimento	Domicílios particulares permanentes com rendimento domiciliar
2412	5548	2006	sim		Número de estabelecimentos agropecuários
2413	16521	2000	sim	Renda / rendimento	Domicílios particulares permanentes com rendimento domiciliar
2414	9459	2006	sim		Número de estabelecimentos agropecuários que produziram leite de cabra
2415	16521	2000	sim	Renda / rendimento	Domicílios particulares permanentes com rendimento domiciliar
2416	25194	2006	sim		Número de estabelecimentos agropecuários com ovinos
2417	11014	2000	sim		Domicílios particulares permanentes
2418	11014	2000	sim		Domicílios particulares permanentes
2419	11014	2000	sim		Domicílios particulares permanentes
2420	11014	2000	sim		Domicílios particulares permanentes
2421	11014	2000	sim		Domicílios particulares permanentes
2422	11014	2000	sim		Domicílios particulares permanentes
2423	16521	2000	sim	Renda / rendimento	Domicílios particulares permanentes com rendimento domiciliar
2424	16521	2000	sim	Renda / rendimento	Domicílios particulares permanentes com rendimento domiciliar
2425	16521	2000	sim	Renda / rendimento	Domicílios particulares permanentes com rendimento domiciliar
2426	33216	2000	sim	Renda / rendimento	Domicílios particulares permanentes com rendimento domiciliar
2427	16521	2000	sim	Renda / rendimento	Domicílios particulares permanentes com rendimento domiciliar
2428	16521	2000	sim	Renda / rendimento	Domicílios particulares permanentes com rendimento domiciliar
2429	16521	2000	sim	Renda / rendimento	Domicílios particulares permanentes com rendimento domiciliar
2430	16521	2000	sim	Renda / rendimento	Domicílios particulares permanentes com rendimento domiciliar
2431	16521	2000	sim	Renda / rendimento	Domicílios particulares permanentes com rendimento domiciliar
2432	5507	2000	sim		Domicílios particulares permanentes
2433	5507	2000	sim		Domicílios particulares permanentes
2434	5507	2000	sim		Domicílios particulares permanentes
2435	16710	2006	sim		Número de estabelecimentos agropecuários
2437	5507	2000	sim	Populacao	Famílias residentes em domicílios particulares
2438	6840	2006	sim		Número de estabelecimentos agropecuários com caixas de colmeias na data de referência
2439	5507	2000	sim	Populacao	Famílias residentes em domicílios particulares
244	4491	1991	sim	Populacao	Famílias residentes em domicílios particulares
2440	5507	2000	sim	Populacao	Famílias residentes em domicílios particulares
2441	16710	2006	sim		Número de estabelecimentos agropecuários com apicultura
2442	5507	2000	sim	Populacao	Famílias residentes em domicílios particulares
2443	5507	2000	sim	Populacao	Famílias residentes em domicílios particulares
2444	5507	2000	sim	Populacao	Famílias residentes em domicílios particulares
2445	5507	2000	sim	Populacao	Famílias residentes em domicílios particulares
2446	5507	2000	sim	Populacao	Famílias residentes em domicílios particulares
2447	5507	2000	sim	Populacao	Famílias residentes em domicílios particulares
2448	5548	2006	sim		Número de estabelecimentos agropecuários
2449	11051	2006	sim		Número de estabelecimentos agropecuários com bovinos
2450	16710	2006	sim		Número de estabelecimentos agropecuários
2451	11014	2000	sim	Populacao	Famílias residentes em domicílios particulares
2452	11014	2000	sim	Populacao	Famílias residentes em domicílios particulares
2453	16710	2006	sim		Número de estabelecimentos agropecuários com aquicultura
2454	4958	2006	sim		Número de estabelecimentos agropecuários com tratamento de esterco de animais
2455	5507	2000	sim	Populacao	Famílias residentes em domicílios particulares
2456	5507	2000	sim	Populacao	Famílias residentes em domicílios particulares
2457	5507	2000	sim	Populacao	Pessoas residentes em domicílios particulares
2458	5507	2000	sim	Populacao	Pessoas residentes em domicílios particulares
2459	5507	2000	sim	Populacao	Pessoas residentes em domicílios particulares
2460	5507	2000	sim	Populacao	Pessoas residentes em domicílios particulares
2461	5507	2000	sim	Populacao	Pessoas de 10 anos ou mais de idade, residentes em domicílios particulares
2462	5507	2000	sim	Populacao	Pessoas responsáveis pelas famílias, com cônjuge, residentes em domicílios particulares
2463	5507	2000	sim	Populacao	Famílias residentes em domicílios particulares
2464	5507	2000	sim	Populacao	Pessoas residentes em domicílios particulares
2465	5507	2000	sim	Populacao	Pessoas responsáveis pelas famílias, residentes em domicílios particulares
2466	5507	2000	sim		Pessoas de 10 anos ou mais de idade
2467	5507	2000	sim		Pessoas de 10 anos ou mais de idade que viviam em companhia de cônjuge ou companheiro(a)
2468	5507	2000	sim		Pessoas de 10 anos ou mais de idade
2470	5507	2000	sim		Pessoas de 10 anos ou mais de idade
2471	5507	2000	sim		Pessoas de 10 anos ou mais de idade que viviam em companhia de cônjuge ou companheiro(a)
2472	5507	2000	sim		Pessoas de 10 anos ou mais de idade
2473	5507	2000	sim		Pessoas de 10 anos ou mais de idade que viviam em companhia de cônjuge ou companheiro(a)
2474	5507	2000	sim		Pessoas de 10 anos ou mais de idade
2475	5507	2000	sim		Pessoas de 10 anos ou mais de idade que viviam em companhia de cônjuge ou companheiro(a)
2476	5507	2000	sim	Populacao	Pessoas de 10 anos ou mais de idade, residentes em domicílios particulares
2477	5507	2000	sim	Populacao	Pessoas de 10 anos ou mais de idade, residentes em domicílios particulares, que viviam em união conjugal
2478	5507	2000	sim	Populacao	Pessoas de 10 anos ou mais de idade, residentes em domicílios particulares
248	4	1987	sim		Famílias
249	4	1987	sim		Famílias
251	4491	1991	sim	Populacao	Pessoas residentes em domicílios particulares
2512	44369	2006	sim		Número de estabelecimentos agropecuários que produziram leite de vaca
2518	37098	2006	sim		Valor da produção dos estabelecimentos agropecuários com mais de 50 pés existentes em 31/12
2519	9470	2006	sim		Número de pés existentes nos estabelecimentos agropecuários com até 50 pés existentes em 31/12
252	4491	1991	sim	Populacao	Número médio de pessoas por família residente em domicílio particular
2520	31913	2006	sim		Valor da produção dos estabelecimentos agropecuários com mais de 50 pés existentes em 31/12
254	111186		sim		Número de informantes
255	140689		sim		Número de municípios
2555	37098	2006	sim		Valor da produção dos estabelecimentos agropecuários com mais de 50 pés existentes em 31/12
2571	5507	2000	sim		Mulheres de 10 anos ou mais de idade
2572	5507	2000	sim		Filhos tidos pelas mulheres de 10 anos ou mais de idade
2573	5565	2010	sim		Mulheres de 10 anos ou mais de idade que tiveram filhos nascidos vivos
2576	16534	2006	sim		Número de estabelecimentos agropecuários
2578	5565	2010	sim		Mulheres de 10 anos ou mais de idade que tiveram filhos nascidos vivos
2582	5507	2000	sim		Mulheres de 10 anos ou mais de idade
259	72741		sim		Número de informantes
26	4491	1991	sim		Domicílios particulares e coletivos - Sinopse
260	4	1987	sim		Valor da despesa média mensal familiar em alimentação no domicílio e artigos de limpeza
2609	50126	2016	sim		Nascidos vivos registrados no ano
2612	50126	2016	sim		Nascidos vivos ocorridos no ano
2647	50126	2016	sim		Nascidos vivos ocorridos no ano
2651	47443	2016	sim		Nascidos vivos ocorridos no ano
2652	47433	2016	sim		Nascidos vivos ocorridos no ano, filhos de mães que nasceram e residiam no mesmo lugar (Brasil, estrangeiro ou ignorado)
2654	50118	2016	sim		Número de óbitos ocorridos no ano
2680	47443	2016	sim		Nascidos vivos ocorridos no ano
2681	47437	2016	sim		Número de óbitos ocorridos no ano
2682	50118	2016	sim		Número de óbitos registrados no ano
2683	50118	2016	sim		Número de óbitos ocorridos no ano
2685	47437	2016	sim		Número de óbitos ocorridos no ano
2723	11086	2006	sim		Número de estabelecimentos agropecuários
2724	5548	2006	sim		Pessoas que dirigem os estabelecimentos agropecuários
2725	11086	2006	sim		Número de estabelecimentos agropecuários
2726	11086	2006	sim		Número de estabelecimentos agropecuários
2727	11086	2006	sim		Número de estabelecimentos agropecuários
2728	166859	2013	sim	Empresas / ocupacao	Número de unidades locais
2731	11086	2006	sim		Número de estabelecimentos agropecuários
2732	11086	2006	sim		Número de estabelecimentos agropecuários
2759	46213	2016	sim		Número de casamentos entre cônjuges masculino e feminino
2760	11086	2006	sim		Número de estabelecimentos agropecuários
2761	5545	2006	sim		Número de estabelecimentos agropecuários com produtor proprietário, concessionário ou assentado sem titulação definitiva
2762	5545	2006	sim		Número de estabelecimentos agropecuários com produtor proprietário, concessionário ou assentado sem titulação definitiva
2763	5547	2006	sim		Número de estabelecimentos agropecuários com eletrodomésticos
2764	88240	2013	sim	Empresas / ocupacao	Número de unidades locais de empresas de alto crescimento
2765	58529	2013	sim	Renda / rendimento|Empresas / ocupacao	Número de unidades locais de empresas com pessoal ocupado assalariado
2766	5570	2006	sim		Número de estabelecimentos agropecuários com produção animal integrada à indústria
2774	5548	2006	sim		Número de estabelecimentos agropecuários
2775	5548	2006	sim		Número de estabelecimentos agropecuários
2776	5548	2006	sim		Número de estabelecimentos agropecuários
278	48267		sim		Número de estabelecimentos
2781	5548	2006	sim		Número de estabelecimentos agropecuários
2782	11096	2006	sim	Empresas / ocupacao	Pessoal ocupado em estabelecimentos agropecuários em 31/12 com laço de parentesco com o produtor
2783	11096	2006	sim	Empresas / ocupacao	Pessoal ocupado em estabelecimentos agropecuários em 31/12 com laço de parentesco com o produtor
2784	11096	2006	sim	Empresas / ocupacao	Pessoal ocupado em estabelecimentos agropecuários em 31/12 com laço de parentesco com o produtor
2785	11054	2006	sim	Empresas / ocupacao	Pessoal ocupado em estabelecimentos agropecuários em 31/12 sem laço de parentesco com o produtor
2786	5530	2006	sim	Renda / rendimento	Número de estabelecimentos agropecuários em que algum membro da família do produtor teve atividade remunerada fora do estabelecimento no ano
279	11348		sim		Número de estabelecimentos com armazéns convencionais, estruturais e infláveis
2848	22174	2006	sim	Empresas / ocupacao	Número de estabelecimentos agropecuários com pessoal ocupado com laço de parentesco com o produtor
2849	5521	2006	sim		Número de estabelecimentos agropecuários com trabalhadores temporários contratados no ano
2850	5548	2006	sim		Número de estabelecimentos agropecuários
2851	5292	2006	sim		Número de estabelecimentos agropecuários com utilização de mão-de-obra com intermediação de empreiteiro no ano
2852	11054	2006	sim	Empresas / ocupacao	Pessoal ocupado em estabelecimentos agropecuários em 31/12 sem laço de parentesco com o produtor
2866	46213	2016	sim		Número de casamentos entre cônjuges masculino e feminino
2867	46213	2016	sim		Número de casamentos entre cônjuges masculino e feminino
2870	5507	2000	sim		Mulheres de 10 anos ou mais de idade que tiveram filhos
289	27612	2016	sim		Valor da produção na extração vegetal
290	19297	2010	sim		Valor da produção na extração vegetal
2902	5565	2010	sim		Filhos tidos nascidos vivos pelas mulheres de 10 anos ou mais de idade
2903	5507	2000	sim		Pessoas de 10 anos ou mais de idade
2908	16521	2000	sim	Renda / rendimento	Pessoas de 10 anos ou mais de idade, economicamente ativas na semana de referência, com rendimento
291	22837	2016	sim		Valor da produção na silvicultura
2911	5507	2000	sim		Pessoas de 10 anos ou mais de idade ocupadas na semana de referência
2914	5507	2000	sim		Pessoas de 10 anos ou mais de idade ocupadas na semana de referência
2915	16521	2000	sim	Renda / rendimento	Pessoas de 10 anos ou mais de idade, ocupadas na semana de referência, com rendimento do trabalho principal
292	13416	2010	sim		Valor da produção na silvicultura
2927	16521	2000	sim	Renda / rendimento	Pessoas de 10 anos ou mais de idade, ocupadas na semana de referência, com rendimento do trabalho principal
2928	33042	2000	sim	Populacao	Famílias residentes em domicílios particulares
2929	16521	2000	sim	Renda / rendimento	Pessoas de 10 anos ou mais de idade, ocupadas na semana de referência, com rendimento do trabalho principal
2933	5564	2006	sim	Empresas / ocupacao	Número de empresas
2935	12693	2009	sim		Número de processos de separação judicial encerrados em 1ª instância
2936	6395	2009	sim		Número de processos de separação judicial encerrados em 1ª instância
2938	30		sim		IPCA - Variação mensal
2942	83550		sim		IPCA dessazonalizado - Variação mensal
2944	12374	2009	sim		Número de separações judiciais concedidas em 1ª instância
2946	83550		sim		IPCAE - Percentual no mês
2948	16372	2008	sim		Número de separações judiciais concedidas em 1ª instância a casais com filhos menores de idade
2949	6298	2009	sim		Número de separações judiciais concedidas em 1ª instância
2951	83550		sim		INPC - Variação mensal
2953	16521	2000	sim		Pessoas de 10 anos ou mais de idade
2954	5507	2000	sim		Pessoas de 10 anos ou mais de idade ocupadas na semana de referência
2955	5507	2000	sim		Pessoas de 10 anos ou mais de idade ocupadas na semana de referência
2956	5507	2000	sim		Pessoas de 10 anos ou mais de idade ocupadas na semana de referência
2957	5507	2000	sim		Pessoas de 10 anos ou mais de idade ocupadas na semana de referência
2958	5507	2000	sim		Pessoas de 10 anos ou mais de idade ocupadas na semana de referência
2959	5507	2000	sim		Pessoas de 10 anos ou mais de idade ocupadas na semana de referência
2960	5507	2000	sim		Pessoas de 10 anos ou mais de idade ocupadas na semana de referência
2961	5507	2000	sim		Pessoas de 10 anos ou mais de idade ocupadas na semana de referência
2962	5507	2000	sim		Pessoas de 10 anos ou mais de idade ocupadas na semana de referência
2963	5133	2000	sim		Pessoas de 10 anos ou mais de idade, empregadoras no trabalho principal da semana de referência
2964	5507	2000	sim		Pessoas de 14 anos ou mais de idade
2965	5507	2000	sim		Pessoas de 10 anos ou mais de idade ocupadas na semana de referência
2966	5507	2000	sim		Pessoas de 10 anos ou mais de idade ocupadas na semana de referência
2967	5507	2000	sim		Pessoas de 10 anos ou mais de idade, empregadas no trabalho principal da semana de referência
2972	5507	2000	sim		Pessoas de 5 anos ou mais de idade
2973	5507	2000	sim		Pessoas de 5 anos ou mais de idade
2974	5507	2000	sim	Populacao	População residente
2975	5507	2000	sim	Populacao	Pessoas residentes em domicílios particulares
2976	11072	2000	sim		Pessoas que frequentavam escola ou creche
2977	11072	2000	sim		Pessoas que frequentavam escola ou creche
2978	5507	2000	sim		Pessoas de 7 anos ou mais de idade
2979	5507	2000	sim		Pessoas de 7 anos ou mais de idade
2980	5507	2000	sim		Pessoas de 10 anos ou mais de idade
2981	5507	2000	sim		Pessoas de 25 anos ou mais de idade
2982	5507	2000	sim		Pessoas de 25 anos ou mais de idade
2983	5239	2000	sim		Pessoas com curso de nível superior concluído
2984	5239	2000	sim		Pessoas com curso de nível superior concluído
2985	5507	2000	sim	Populacao	População residente
2986	5507	2000	sim		Pessoas de 10 anos ou mais de idade
2987	11014	2000	sim		Pessoas de 10 anos ou mais de idade
2990	31733	2016	sim		Número de óbitos fetais ocorridos e registrados no ano
2991	25849	2016	sim		Número de óbitos fetais ocorridos e registrados no ano
2992	243	2016	nao		Número de óbitos fetais ocorridos e registrados no ano
2993	26192	2009	sim		Número de processos de divórcio encerrados em 1ª instância
2995	26045	2009	sim		Número de divórcios concedidos em 1ª instância sem recursos
2996	25602	2009	sim		Número de divórcios concedidos em 1ª instância sem recursos
2997	13075	2009	sim		Número de divórcios concedidos em 1ª instância sem recursos
300	4	1987	sim		Pessoas moradoras
301	4	1987	sim		Domicílios
302	4	1987	sim		Pessoas moradoras
303	6	1995	sim		Valor do recebimento médio mensal familiar
3033	16695	2010	sim		Número de domicílios particulares ocupados
3036	54	2002	sim		Participação relativa de alimentos e grupos de alimentos no total de calorias determinado pela aquisição alimentar domiciliar
304	4	1987	sim		Pessoas moradoras
305	4974	1996	sim	Populacao	População residente em domicílios particulares permanentes
3064	44369	2006	sim		Número de estabelecimentos agropecuários que produziram leite de vaca
307	5570	1995	sim		Número de estabelecimentos agropecuários
308	5570	1995	sim		Número de estabelecimentos agropecuários
309	5570	1995	sim		Número de estabelecimentos agropecuários
310	5570	1995	sim		Número de estabelecimentos agropecuários
3105	5565	2010	sim		Pessoas de 10 anos ou mais de idade
3106	6073	2006	sim		Número de estabelecimentos agropecuários que produziram lã
3107	5565	2010	sim	Populacao	População residente
311	5570	1995	sim		Número de estabelecimentos agropecuários
312	4956	1995	sim		Número de estabelecimentos agropecuários
313	4956	1995	sim		Área dos estabelecimentos agropecuários
314	4956	1995	sim		Área dos estabelecimentos agropecuários
3145	5565	2010	sim	Populacao	População residente
3146	5565	2010	sim	Populacao	Pessoas residentes em domicílios particulares
3147	11130	2010	sim		Pessoas de 10 anos ou mais de idade, responsáveis pelos domicílios particulares
3148	11130	2010	sim		Pessoas de até 10 anos de idade
3149	22260	2010	sim		Pessoas de 10 anos ou mais de idade
315	4956	1995	sim		Área dos estabelecimentos agropecuários
3150	11130	2010	sim		Pessoas de 5 anos ou mais de idade
3151	5565	2010	sim		Óbitos de pessoas que haviam residido com moradores dos domicílios particulares, ocorridos de agosto de 2009 a julho de 2010
3152	5565	2010	sim		Domicílios particulares permanentes
3153	5565	2010	sim		Domicílios particulares permanentes
3154	5565	2010	sim		Domicílios particulares permanentes
3155	5565	2010	sim		Domicílios particulares permanentes
3156	5565	2010	sim		Domicílios particulares permanentes que tinham energia elétrica de companhia distribuidora
3157	5565	2010	sim		Domicílios particulares permanentes
316	4956	1995	sim		Área dos estabelecimentos agropecuários
3168	33390	2010	sim		Domicílios particulares permanentes
3169	10969	2006	sim		Número de estabelecimentos agropecuários com suínos
317	4956	1995	sim		Área dos estabelecimentos agropecuários
3170	16695	2010	sim	Renda / rendimento	Pessoas de 10 anos ou mais de idade, com rendimento
3171	16710	2006	sim		Número de estabelecimentos agropecuários
3172	5156	2010	sim		Emigrantes internacionais
3173	5156	2010	sim		Emigrantes internacionais
3174	11007	2006	sim		Número de estabelecimentos agropecuários com aves
3176	5565	2010	sim		Pessoas de 5 anos ou mais de idade
3177	5565	2010	sim		Pessoas de 10 anos ou mais de idade
3178	16710	2006	sim		Número de estabelecimentos agropecuários
318	4956	1995	sim		Área dos estabelecimentos agropecuários
3180	5565	2010	sim	Populacao	População residente
3181	5563	2010	sim		Pessoas que residiam há menos de 10 anos ininterruptos na Unidade da Federação
3182	5565	2010	sim		Pessoas que já residiram fora do município
319	4974	1996	sim		Média de moradores em domicílios particulares permanentes
3190	5563	2010	sim		Pessoas que residiam há menos de 10 anos ininterruptos na Unidade da Federação
3191	5547	2010	sim		Pessoas naturais da unidade da federação, que residiam há menos de 10 anos ininterruptos na unidade da federação
3192	11125	2010	sim		Pessoas que residiam há menos de 10 anos ininterruptos na Unidade da Federação
3193	5565	2010	sim		Pessoas de 10 anos ou mais de idade
320	4956	1995	sim	Empresas / ocupacao	Pessoal ocupado em estabelecimentos agropecuários
3206	5548	2010	sim		Pessoas de 5 anos ou mais de idade que não residiam na unidade da federação em 31.07.2005
3207	5565	2010	sim		Pessoas de 5 anos ou mais de idade que não residiam no município em 31/07/2005
3209	2492	2010	sim		Pessoas de 5 anos ou mais de idade que não residiam no Brasil em 31/07/2005
321	4956	1995	sim	Empresas / ocupacao	Pessoal ocupado em estabelecimentos agropecuários
3210	5565	2010	sim		Pessoas que tinham menos de 10 anos ininterruptos de residência no município
3211	5565	2010	sim		Pessoas com até 10 anos de idade
3212	5565	2010	sim		Pessoas com até 10 anos de idade
3213	11130	2010	sim		Pessoas de 5 anos ou mais de idade, alfabetizadas
3214	5565	2010	sim	Populacao	Pessoas de 5 anos ou mais de idade, residentes em domicílios particulares, cuja condição no domicílio não era pensionista, nem empregado(a) doméstico(a) ou seu parente
3215	5565	2010	sim		Pessoas de 10 anos ou mais de idade
3216	11130	2010	sim		Domicílios particulares permanentes
3217	11130	2010	sim		Domicílios particulares permanentes
3218	5565	2010	sim		Domicílios particulares permanentes
3219	5565	2010	sim		Domicílios particulares permanentes
322	4956	1995	sim	Empresas / ocupacao	Pessoal ocupado em estabelecimentos agropecuários
3220	5565	2010	sim		Domicílios particulares permanentes
3221	5565	2010	sim		Domicílios particulares permanentes
3222	5565	2010	sim		Domicílios particulares permanentes
3223	5565	2010	sim		Óbitos de pessoas que haviam residido com moradores dos domicílios particulares, ocorridos de agosto de 2009 a julho de 2010
3224	4267	2010	sim		Óbitos de crianças menores de 1 ano de idade que haviam residido com moradores dos domicílios particulares, ocorridos de agosto de 2009 a julho de 2010
323	4949	1995	sim		Efetivo dos rebanhos
324	4949	1995	sim		Efetivo dos rebanhos
325	4949	1995	sim		Efetivo dos rebanhos
326	4922	1995	sim		Total de cabeças compradas
3261	5565	2010	sim		Domicílios particulares permanentes
3263	33390	2010	sim		Domicílios particulares permanentes
3264	16695	2010	sim		Domicílios particulares permanentes
3268	5565	2010	sim		Domicílios particulares permanentes
327	4922	1995	sim		Total de cabeças compradas
3277	5565	2010	sim		Pessoas de 10 anos ou mais de idade
3278	5565	2010	sim	Populacao	Pessoas de 10 anos ou mais de idade, residentes em domicílios particulares, cuja condição no domicílio não era pensionista, nem empregado(a) doméstico(a) ou seu parente
3279	16695	2010	sim		Pessoas de 10 anos ou mais de idade
328	4922	1995	sim		Total de cabeças compradas
3284	5565	2010	sim		Pessoas de 10 anos ou mais de idade
3285	37026	2006	sim		Número de estabelecimentos agropecuários que produziram ovos de galinhas
3286	16506	2006	sim		Número de estabelecimentos agropecuários com aves
3287	3712	2006	sim		Número de estabelecimentos agropecuários que compraram ovos de galinhas para incubação no ano
3288	22348	2006	sim		Número de estabelecimentos agropecuários com caprinos
3289	16710	2006	sim		Número de estabelecimentos agropecuários
329	4934	1995	sim		Total de cabeças vendidas
3290	9459	2006	sim		Número de estabelecimentos agropecuários que produziram leite de cabra
3291	25194	2006	sim		Número de estabelecimentos agropecuários com ovinos
3292	16710	2006	sim		Número de estabelecimentos agropecuários
3294	6840	2006	sim		Número de estabelecimentos agropecuários com caixas de colmeias na data de referência
3295	16710	2006	sim		Número de estabelecimentos agropecuários com apicultura
3297	11096	2006	sim	Empresas / ocupacao	Pessoal ocupado em estabelecimentos agropecuários em 31/12 com laço de parentesco com o produtor
3298	11096	2006	sim	Empresas / ocupacao	Pessoal ocupado em estabelecimentos agropecuários em 31/12 com laço de parentesco com o produtor
3299	11096	2006	sim	Empresas / ocupacao	Pessoal ocupado em estabelecimentos agropecuários em 31/12 com laço de parentesco com o produtor
330	4934	1995	sim		Total de cabeças vendidas
3300	10244	2006	sim	Empresas / ocupacao	Pessoal ocupado em estabelecimentos agropecuários em 31/12 sem laço de parentesco com o produtor
3301	5530	2006	sim	Renda / rendimento	Número de estabelecimentos agropecuários em que algum membro da família do produtor teve atividade remunerada fora do estabelecimento no ano
3302	10835	2006	sim		Número de estabelecimentos agropecuários que obtiveram financiamento
3303	11033	2006	sim		Número de estabelecimentos agropecuários que investiram
3304	11086	2006	sim		Número de estabelecimentos agropecuários com informações sobre bens
3305	10785	2006	sim		Número de estabelecimentos agropecuários
3306	11084	2006	sim		Número de estabelecimentos agropecuários que realizaram despesas
3307	11083	2006	sim		Número de estabelecimentos agropecuários que obtiveram receitas no ano
3308	10670	2006	sim		Número de estabelecimentos agropecuários que obtiveram outras receitas no ano
3309	11084	2006	sim		Número de estabelecimentos agropecuários com produção
331	4934	1995	sim		Total de cabeças vendidas
3310	22174	2006	sim	Empresas / ocupacao	Número de estabelecimentos agropecuários com pessoal ocupado com laço de parentesco com o produtor
3311	5521	2006	sim		Número de estabelecimentos agropecuários com trabalhadores temporários contratados no ano
3312	5548	2006	sim		Número de estabelecimentos agropecuários
3313	5292	2006	sim		Número de estabelecimentos agropecuários com utilização de mão-de-obra com intermediação de empreiteiro no ano
3314	11054	2006	sim	Empresas / ocupacao	Pessoal ocupado em estabelecimentos agropecuários em 31/12 sem laço de parentesco com o produtor
3315	6073	2006	sim		Número de estabelecimentos agropecuários que produziram lã
3316	5548	2006	sim		Número de estabelecimentos agropecuários
3317	5548	2006	sim		Número de estabelecimentos agropecuários
3318	11086	2006	sim		Número de estabelecimentos agropecuários
3319	11054	2006	sim	Empresas / ocupacao	Pessoal ocupado em estabelecimentos agropecuários em 31/12 sem laço de parentesco com o produtor
332	4904	1995	sim		Total de cabeças abatidas
3320	5472	2006	sim		Número de estabelecimentos agropecuários que obtiveram financiamento
3321	11086	2006	sim		Número de estabelecimentos agropecuários
3322	11086	2006	sim		Número de estabelecimentos agropecuários
3324	5565	2010	sim		Pessoas de 5 anos ou mais de idade
3325	33390	2010	sim		Domicílios particulares permanentes
333	4904	1995	sim		Total de cabeças abatidas
334	4904	1995	sim		Total de cabeças abatidas
3341	33390	2010	sim		Domicílios particulares permanentes
3342	11058	2006	sim		Produtor masculino na direção dos trabalhos do estabelecimento
3343	19982	2006	sim		Número de estabelecimentos agropecuários com uso de adubo em lavouras
3344	17716	2006	sim		Número de estabelecimentos agropecuários que utilizaram pulverizador costal na aplicação de agrotóxico
3345	33390	2010	sim		Domicílios particulares permanentes
3346	5548	2006	sim		Número de estabelecimentos agropecuários
3347	11086	2006	sim		Número de estabelecimentos agropecuários
3348	5548	2006	sim		Número de estabelecimentos agropecuários
3349	5548	2006	sim		Número de estabelecimentos agropecuários
335	4922	1995	sim		Valor das cabeças compradas
3350	5548	2006	sim		Número de estabelecimentos agropecuários
3351	5548	2006	sim		Número de estabelecimentos agropecuários
3352	11086	2006	sim		Número de estabelecimentos agropecuários
3353	11086	2006	sim		Número de estabelecimentos agropecuários
3354	11086	2006	sim		Número de estabelecimentos agropecuários
3355	11086	2006	sim		Número de estabelecimentos agropecuários
3356	10149	2006	sim		Número de estabelecimentos agropecuários com uso de irrigação
3357	11130	2010	sim		Domicílios particulares permanentes em áreas urbanas com ordenamento regular
3358	5565	2010	sim		Moradores em domicílios particulares permanentes em áreas urbanas com ordenamento regular
3359	11130	2010	sim		Domicílios particulares permanentes em áreas urbanas com ordenamento regular
336	4868	1995	sim		Valor das cabeças compradas
3360	11130	2010	sim		Domicílios particulares permanentes em áreas urbanas com ordenamento regular
3361	11130	2010	sim		Domicílios particulares permanentes em áreas urbanas com ordenamento regular
3362	11130	2010	sim		Domicílios particulares permanentes em áreas urbanas com ordenamento regular
3363	11130	2010	sim		Domicílios particulares permanentes em áreas urbanas com ordenamento regular
3364	5565	2010	sim		Domicílios particulares permanentes em áreas urbanas com ordenamento regular
3365	5565	2010	sim		Moradores em domicílios particulares permanentes em áreas urbanas com ordenamento regular
3366	11096	2006	sim	Empresas / ocupacao	Pessoal ocupado em estabelecimentos agropecuários em 31/12
3367	10835	2006	sim		Número de estabelecimentos agropecuários que obtiveram financiamento
3368	11084	2006	sim		Número de estabelecimentos agropecuários com produção
3369	11084	2006	sim		Número de estabelecimentos agropecuários que realizaram despesas
337	4922	1995	sim		Valor das cabeças compradas
3370	11083	2006	sim		Número de estabelecimentos agropecuários que obtiveram receitas no ano
3371	10670	2006	sim		Número de estabelecimentos agropecuários que obtiveram outras receitas no ano
3372	11140	2006	sim		Número de estabelecimentos agropecuários
3373	31913	2006	sim		Valor da produção dos estabelecimentos agropecuários com mais de 50 pés existentes em 31/12
3374	11006	2006	sim		Valor da produção
3375	46213	2016	sim		Número de casamentos entre cônjuges masculino e feminino
3376	1664	2011	sim		Número de separações consensuais concedidas em 1ª instância ou por escritura
3379	1615	2010	sim		Domicílios particulares ocupados, nos municípios com presença identificada de aglomerados subnormais
338	4934	1995	sim		Valor das cabeças vendidas
3380	646	2010	sim		Domicílios particulares ocupados em aglomerados subnormais
3381	323	2010	sim	Populacao	População residente em domicílios particulares ocupados em aglomerados subnormais
3382	323	2010	sim		Domicílios particulares permanentes em aglomerados subnormais
3383	323	2010	sim		Domicílios particulares permanentes em aglomerados subnormais
3384	323	2010	sim		Domicílios particulares permanentes em aglomerados subnormais
3385	323	2010	sim		Domicílios particulares permanentes em aglomerados subnormais
339	4934	1995	sim		Valor das cabeças vendidas
3398	5533	2006	sim		Número de estabelecimentos agropecuários em que o produtor declarou ter atividade fora do estabelecimento no ano
3399	5530	2006	sim	Renda / rendimento	Número de estabelecimentos agropecuários em que algum membro da família do produtor teve atividade remunerada fora do estabelecimento no ano
3400	10814	2006	sim	Empresas / ocupacao	Pessoal ocupado em estabelecimentos agropecuários em 31/12 sem laço de parentesco com o produtor
3401	10856	2006	sim	Empresas / ocupacao	Pessoal ocupado em estabelecimentos agropecuários em 31/12 sem laço de parentesco com o produtor
3402	10896	2006	sim	Empresas / ocupacao	Pessoal ocupado em estabelecimentos agropecuários em 31/12
3403	11096	2006	sim	Empresas / ocupacao	Pessoal ocupado em estabelecimentos agropecuários em 31/12 com laço de parentesco com o produtor
3406	4412	2006	sim		Valor da produção
3407	6473	2006	sim		Valor da produção
3408	14204	2006	sim		Área cortada de espécies da silvicultura
3409	3677	2006	sim		Valor da produção
3410	11140	2006	sim		Número de estabelecimentos agropecuários
3411	10846	2006	sim		Valor da produção
3412	5014	2006	sim		Valor da produção
3413	9131	2006	sim		Número de pés existentes nos estabelecimentos agropecuários com até 50 pés existentes em 31/12
3414	31218	2006	sim		Valor da produção dos estabelecimentos agropecuários com mais de 50 pés existentes em 31/12
342	22102	1999	sim		Nascidos vivos ocorridos no ano
3421	32328	2016	sim	Empresas / ocupacao	Número de unidades locais
3422	5565	2010	sim		Pessoas ocupadas na semana de referência, que trabalhavam fora do domicílio e retornavam para seu domicílio diariamente
3424	5565	2010	sim		Domicílios particulares permanentes
3425	5565	2010	sim	Populacao	População residente
3426	5565	2010	sim	Populacao	População residente
3427	5565	2010	sim		Pessoas de 5 anos ou mais de idade
3428	5565	2010	sim	Populacao	População residente
3429	5565	2010	sim		Pessoas de 15 anos ou mais de idade
343	20207	1999	sim		Nascidos vivos ocorridos no ano
3430	5565	2010	sim		Pessoas de 10 anos ou mais de idade
3431	5565	2010	sim		Pessoas de 10 anos ou mais de idade, ocupadas na semana de referência
3432	5565	2010	sim		Pessoas de 10 anos ou mais de idade
3433	5565	2010	sim		Pessoas de 5 anos ou mais de idade
3434	5565	2010	sim	Populacao	População residente
3435	291	2011	sim		Número de estabelecimentos de hospedagem
3436	291	2011	sim		Número de estabelecimentos de hospedagem
3440	231	2011	sim		Número de hotéis
3441	961	2011	sim		Número de estabelecimentos de hospedagem
3442	44369	2006	sim		Número de estabelecimentos agropecuários que produziram leite de vaca
3443	2235	2006	sim		Número de estabelecimentos agropecuários que produziram leite de búfala
3445	3712	2006	sim		Número de estabelecimentos agropecuários que compraram ovos de galinhas para incubação no ano
3446	37026	2006	sim		Número de estabelecimentos agropecuários que produziram ovos de galinhas
3447	1916	2006	sim		Número de estabelecimentos agropecuários que produziram ovos de ovos outras aves no ano
3448	6840	2006	sim		Número de estabelecimentos agropecuários com caixas de colmeias na data de referência
3449	16710	2006	sim		Número de estabelecimentos agropecuários com apicultura
345	4	1987	sim		Pessoas moradoras
3450	375	2011	sim		Número de estabelecimentos de hospedagem
3451	16695	2010	sim		Domicílios particulares permanentes
3457	5565	2010	sim		Pessoas de 25 anos ou mais de idade
3458	5565	2010	sim		Pessoas de 10 anos ou mais de idade, exclusive as cuja condição no domicílio era pensionista, empregado(a) doméstico(a) ou parente do(a) empregado(a) doméstico(a)
3459	5565	2010	sim		Pessoas de 10 anos ou mais de idade, ocupadas na semana de referência
346	4	1987	sim		Pessoas moradoras com 5 anos ou mais de idade que frequentam escola
3460	5565	2010	sim		Pessoas de 15 anos ou mais de idade
3461	5565	2010	sim		Pessoas de 10 anos ou mais de idade, ocupadas na semana de referência
3462	5565	2010	sim	Populacao	Pessoas residentes em domicílios particulares, exclusive as cuja condição no domicílio era pensionista, empregado(a) doméstico(a) ou parente do(a) empregado(a) doméstico(a)
3484	5565	2010	sim		Pessoas de 10 anos ou mais de idade que viviam em união conjugal
3485	5565	2010	sim	Populacao	Pessoas de 10 anos ou mais de idade, residentes em domicílios particulares
3486	5565	2010	sim	Populacao	Pessoas de 10 anos ou mais de idade, residentes em domicílios particulares, cuja condição no domicílio não era pensionista, nem empregado(a) doméstico(a) ou seu parente
3487	5565	2010	sim		Pessoas de 10 anos ou mais de idade que viviam em união conjugal
3488	5565	2010	sim		Pessoas de 10 anos ou mais de idade que viviam em união conjugal
3489	5565	2010	sim	Populacao	Pessoas de 10 anos ou mais de idade, residentes em domicílios particulares, que viviam em união conjugal , cuja condição no domicílio não era pensionista, nem empregado(a) doméstico(a) ou seu parente
349	5564	2008	sim		Municípios que participam de consórcio intermunicipal/interfederativo
3490	38955	2010	sim	Populacao	Mulheres de 10 anos ou mais de idade residentes em domicílios particulares, exceto as cuja condição no domicílio era pensionista, empregada doméstica ou parente do(a) empregado(a) doméstico(a)
3491	5565	2010	sim	Populacao	Mulheres de 10 anos ou mais de idade, residentes em domicílios particulares, que tiveram filhos nascidos vivos, exceto as cuja condição no domicílio era pensionista, empregada doméstica ou parente do(a) empregado(a)
3492	5565	2010	sim	Populacao	Mulheres de 10 anos ou mais de idade, residentes em domicílios particulares, que tiveram filhos nascidos vivos, exceto as cuja condição no domicílio era pensionista, empregada doméstica ou parente do(a) empregado(a)
3493	5565	2010	sim	Populacao	Filhos tidos nascidos vivos pelas mulheres de 10 anos ou mais de idade residentes em domicílios particulares, exceto os das mulheres cuja condição no domicílio era pensionista, empregada ou parente do(a) empregado(a) doméstico(a)
3494	5565	2010	sim	Populacao	Filhos tidos nascidos vivos pelas mulheres de 10 anos ou mais de idade residentes em domicílios particulares, exceto os das mulheres cuja condição no domicílio era pensionista, empregada ou parente do(a) empregado(a) doméstico(a)
3495	5563	2010	sim	Populacao	Unidades domésticas residentes em domicílios particulares
3496	5565	2010	sim	Populacao	Pessoas de 10 anos ou mais de idade, residentes em domicílios particulares, que viviam em união conjugal
3497	22260	2010	sim		Domicílios particulares permanentes
3498	5565	2010	sim		Domicílios particulares permanentes
3499	11130	2010	sim		Domicílios particulares permanentes
350	19463	1999	sim		Número de casamentos entre cônjuges masculino e feminino
3500	108	2006	sim	Empresas / ocupacao	Número de unidades locais das fundações privadas e associações sem fins lucrativos
3501	108	2006	sim	Empresas / ocupacao	Número de unidades locais das entidades sem fins lucrativos
3502	5565	2010	sim		Domicílios particulares permanentes
3503	5565	2010	sim		Domicílios particulares permanentes
3504	5565	2010	sim		Domicílios particulares permanentes
3505	5565	2010	sim		Domicílios particulares permanentes
3506	5445	2010	sim		Domicílios particulares permanentes
3507	5545	2010	sim		Domicílios particulares permanentes
3508	5505	2010	sim		Domicílios particulares permanentes
3509	504	2006	sim	Empresas / ocupacao	Número de unidades locais das entidades sem fins lucrativos
351	19421	1999	sim		Número de casamentos entre cônjuges masculino e feminino solteiros
3510	12768	2006	sim	Empresas / ocupacao	Número de unidades locais das fundações privadas e associações sem fins lucrativos
3511	5146	2010	sim		Domicilios particulares permanentes alugados
3512	567	2006	sim	Empresas / ocupacao	Número de unidades locais das fundações privadas e associações sem fins lucrativos
3513	10930	2010	sim		Domicílios particulares permanentes
3514	10930	2010	sim	Renda / rendimento	Valor do rendimento nominal médio mensal dos domicílios particulares permanentes
3515	10290	2010	sim		Domicílios particulares permanentes
3516	5565	2010	sim		Domicílios particulares permanentes
3517	5563	2010	sim	Populacao	Famílias únicas e conviventes principais residentes em domicílios particulares
3518	5563	2010	sim	Populacao	Pessoas em famílias únicas e conviventes principais residentes em domicílios particulares
3519	5563	2010	sim	Populacao	Famílias únicas e conviventes principais residentes em domicílios particulares, exceto as pessoas cuja condição na família era pensionista, empregada doméstica ou parente do(a) empregado(a) doméstico(a)
3520	5563	2010	sim	Populacao	Famílias conviventes residentes em domicílios particulares
3521	5563	2010	sim	Populacao	Pessoas em famílias únicas e conviventes principais residentes em domicílios particulares
3522	5563	2010	sim	Populacao	Pessoas de 10 anos ou mais de idade, em famílias únicas e conviventes principais, residentes em domicílios particulares
3523	5563	2010	sim	Populacao	Famílias únicas e conviventes principais, com responsável e cônjuge ou companheiro(a), residentes em domicílios particulares
3524	5565	2010	sim		Domicilios particulares permanentes alugados
3525	22260	2010	sim	Renda / rendimento	Domicílios particulares permanentes com rendimento domiciliar
3527	11130	2010	sim	Renda / rendimento	Valor do rendimento nominal médio mensal dos domicílios particulares permanentes
3528	5563	2010	sim		Total de famílias nas unidades domésticas com duas ou mais pessoas com parentesco
3530	22260	2010	sim		Domicílios particulares permanentes
3533	5565	2010	sim	Populacao	População residente
3534	22260	2010	sim	Renda / rendimento	Domicílios particulares permanentes com rendimento domiciliar
3535	5565	2010	sim	Populacao	Pessoas residentes em domicílios particulares, exclusive as cuja condição no domicílio era pensionista, empregado(a) doméstico(a) ou parente do(a) empregado(a) doméstico(a)
3536	5565	2010	sim		Pessoas que frequentavam escola ou creche
3537	5565	2010	sim	Populacao	Pessoas residentes em domicílios particulares, que frequentavam escola ou creche, exclusive as cuja condição no domicílio era pensionista, empregado(a) doméstico(a) ou parente do(a) empregado(a) doméstico(a)
3538	5565	2010	sim		Pessoas que frequentavam curso superior de graduação
3539	5565	2010	sim		Pessoas de 10 anos ou mais de idade
354	5564	2008	sim		Municípios com ocorrência de doenças associadas ao saneamento básico
3540	5565	2010	sim		Pessoas de 10 anos ou mais de idade
3541	5565	2010	sim	Populacao	Pessoas de 25 anos ou mais de idade, residentes em doimicílios particulares
3542	5565	2010	sim	Populacao	Pessoas de 15 anos ou mais de idade, residentes em domicílios particulares, exceto as pessoas cuja condição na família era pensionista, empregado(a) doméstico(a) ou parente do(a) empregado(a) doméstico(a)
3543	5565	2010	sim		Pessoas com pelo menos nível superior de graduação concluído
3544	5565	2010	sim	Populacao	População residente
3545	5565	2010	sim		Pessoas de 10 anos ou mais de idade, que frequentavam escola
3546	11130	2010	sim		Pessoas que frequentavam escola ou creche
3547	5565	2010	sim		Pessoas de 25 anos ou mais de idade
3549	16695	2010	sim	Renda / rendimento	Pessoas de 10 anos ou mais de idade, com rendimento
3552	16695	2010	sim		Pessoas de 10 anos ou mais de idade, ocupadas na semana de referência
3556	5545	2010	sim		Pessoas de 10 anos ou mais de idade, ocupadas na semana de referência
3557	16695	2010	sim	Renda / rendimento	Pessoas de 10 anos ou mais de idade, ocupadas na semana de referência, com rendimento do trabalho principal
3558	5545	2010	sim		Pessoas de 10 anos ou mais de idade ocupadas na semana de referência
3559	16695	2010	sim	Renda / rendimento	Pessoas de 10 anos ou mais de idade, ocupadas na semana de referência, com rendimento do trabalho principal
3560	5565	2010	sim		Pessoas de 10 anos ou mais de idade ocupadas na semana de referência
3561	16635	2010	sim	Renda / rendimento	Pessoas de 10 anos ou mais de idade, ocupadas na semana de referência, com rendimento do trabalho principal
3562	16695	2010	sim		Domicílios particulares permanentes
3563	16395	2010	sim		Domicílios particulares permanentes
3569	5445	2010	sim		Pessoas de 10 anos ou mais de idade
3570	5405	2010	sim		Pessoas de 10 anos ou mais de idade, ocupadas na semana de referência
3571	5445	2010	sim		Domicílios particulares permanentes
3572	5485	2010	sim		Pessoas de 10 anos ou mais de idade
3573	5426	2010	sim		Pessoas de 10 anos ou mais de idade
3574	5345	2010	sim		Pessoas de 10 anos ou mais de idade
3575	16395	2010	sim		Pessoas moradoras em domicílios particulares permanentes, cuja condição no domicílio não era pensionista, nem empregado(a) doméstico(a) ou seu parente
3576	14658	2010	sim		Pessoas de 10 anos ou mais de idade
3577	16515	2010	sim		Pessoas de 10 anos ou mais de idade, ocupadas na semana de referência
3578	16695	2010	sim		Pessoas moradoras em domicílios particulares permanentes, cuja condição no domicílio não era pensionista, nem empregado(a) doméstico(a) ou seu parente
3579	5565	2010	sim		Pessoas de 10 anos ou mais de idade
3580	5565	2010	sim		Pessoas de 10 anos ou mais de idade
3581	5565	2010	sim		Pessoas de 10 anos ou mais de idade, ocupadas na semana de referência
3582	5465	2010	sim		Pessoas de 10 anos ou mais de idade, ocupadas na semana de referência
3583	5565	2010	sim		Pessoas de 10 anos ou mais de idade, ocupadas na semana de referência
3584	5565	2010	sim		Pessoas de 10 anos ou mais de idade, ocupadas na semana de referência
3585	5565	2010	sim		Pessoas de 10 anos ou mais de idade, ocupadas na semana de referência
3586	5545	2010	sim		Pessoas de 10 anos ou mais de idade, ocupadas na semana de referência
3587	5185	2010	sim		Pessoas de 10 anos ou mais de idade, empregadoras no trabalho principal da semana de referência
3588	5565	2010	sim		Pessoas de 10 anos ou mais de idade, ocupadas na semana de referência
3589	5565	2010	sim		Pessoas de 10 anos ou mais de idade
3590	5565	2010	sim		Pessoas de 10 anos ou mais de idade, ocupadas na semana de referência
3591	5565	2010	sim		Pessoas de 10 anos ou mais de idade, ocupadas na semana de referência
3592	5565	2010	sim		Pessoas de 10 anos ou mais de idade, ocupadas na semana de referência
3593	5565	2010	sim		Pessoas de 10 anos ou mais de idade, ocupadas na semana de referência
3594	5565	2010	sim		Pessoas de 10 anos ou mais de idade, ocupadas na semana de referência
3595	16695	2010	sim		Pessoas de 10 anos ou mais de idade
3596	5565	2010	sim	Populacao	Pessoas residentes em domicílios particulares, que frequentavam escola ou creche, exclusive as cuja condição no domicílio era pensionista, empregado(a) doméstico(a) ou parente do(a) empregado(a) doméstico(a)
3597	16695	2010	sim	Renda / rendimento	Pessoas de 10 anos ou mais de idade, com rendimento
3598	16695	2010	sim	Renda / rendimento	Pessoas de 10 anos ou mais de idade, com rendimento
3599	5545	2010	sim		Pessoas que frequentavam escola ou creche
3601	100	2010	sim	Renda / rendimento	Valor do rendimento nominal médio mensal das pessoas de 10 anos ou mais de idade
3602	5565	2010	sim		Pessoas de 10 anos ou mais de idade, ocupadas na semana de referência
3603	5565	2010	sim	Populacao	Pessoas de 10 anos ou mais de idade, residentes em domicílios particulares, ocupadas na semana de referência, cuja condição no domicílio não era pensionista, nem empregado(a) doméstico(a) ou seu parente
3604	5565	2010	sim		Pessoas de 10 anos ou mais de idade, ocupadas na semana de referência, que, no trabalho principal, trabalhavam fora do domicílio e retornavam diariamente do trabalho para o domicílio, exclusive as pessoas que, no trabalho principal, trabalhavam em mais de um município ou país
3605	5565	2010	sim		Pessoas de 10 anos ou mais de idade
3606	114819	2006	sim	Empresas / ocupacao	Número de unidades locais das entidades sem fins lucrativos
3607	12788	2006	sim	Empresas / ocupacao	Número de unidades locais das entidades sem fins lucrativos
3608	109933	2006	sim	Empresas / ocupacao	Número de unidades locais das fundações privadas e associações sem fins lucrativos
3609	2432	2006	sim	Empresas / ocupacao	Número de unidades locais das fundações privadas e associações sem fins lucrativos
361	17298	1999	sim		Número de casamentos entre cônjuges masculino e feminino
3610	21614	2006	sim	Empresas / ocupacao	Número de unidades locais das fundações privadas e associações sem fins lucrativos
3611	2432	2006	sim	Empresas / ocupacao	Número de unidades locais das entidades sem fins lucrativos
3612	22082	2006	sim	Empresas / ocupacao	Número de unidades locais das entidades sem fins lucrativos
3613	4	2002	sim	Renda / rendimento	Rendimento monetário médio mensal familiar
3614	4	2002	sim		Número de famílias
3615	4	2002	sim		Despesa monetária média mensal familiar
3616	4	2008	sim	Renda / rendimento	Rendimento monetário e variação patrimonial médio mensal familiar
3617	4	2008	sim		Número de famílias
3618	4	2008	sim		Despesa monetária média mensal familiar
3619	11086	2006	sim		Número de estabelecimentos agropecuários
3620	11083	2006	sim		Número de estabelecimentos agropecuários que obtiveram receitas no ano
3621	10670	2006	sim		Número de estabelecimentos agropecuários que obtiveram outras receitas no ano
3622	5548	2006	sim		Número de estabelecimentos que não obtiveram financiamento
3623	10835	2006	sim		Número de estabelecimentos agropecuários que obtiveram financiamento
3624	5548	2006	sim		Número de estabelecimentos agropecuários que obtiveram financiamento
3625	11033	2006	sim		Número de estabelecimentos agropecuários que investiram
3627	10785	2006	sim		Número de estabelecimentos agropecuários
3628	11084	2006	sim		Número de estabelecimentos agropecuários com produção
3629	11084	2006	sim		Número de estabelecimentos agropecuários que realizaram despesas
3630	11086	2006	sim		Número de estabelecimentos agropecuários
3631	11086	2006	sim		Número de estabelecimentos agropecuários
3632	5545	2006	sim		Número de estabelecimentos agropecuários com produtor proprietário, concessionário ou assentado sem titulação definitiva
3633	5548	2006	sim		Pessoas que dirigem os estabelecimentos agropecuários
3634	5548	2006	sim		Número de estabelecimentos agropecuários
3635	5548	2006	sim		Número de estabelecimentos agropecuários
3636	5548	2006	sim		Número de estabelecimentos agropecuários
3637	5548	2006	sim		Número de estabelecimentos agropecuários
3638	5548	2006	sim		Número de estabelecimentos agropecuários
364	20755	1999	sim		Número de óbitos registrados no ano
3640	10149	2006	sim		Número de estabelecimentos agropecuários com uso de irrigação
3641	10562	2006	sim		Número de estabelecimentos agropecuários com tratores
3642	11033	2006	sim		Número de estabelecimentos agropecuários
3646	11054	2006	sim	Empresas / ocupacao	Pessoal ocupado em estabelecimentos agropecuários em 31/12 sem laço de parentesco com o produtor
3656	162	2016	sim		Número de estabelecimentos de hospedagem
3666	81	2012	sim		Escolares frequentando o 9º ano do ensino fundamental
367	21600	1999	sim		Número de óbitos ocorridos e registrados no ano
3679	81	2012	sim		Escolares frequentando o 9º ano do ensino fundamental
368	22101	1999	sim		Número de óbitos ocorridos e registrados no ano
3680	81	2012	sim		Percentual de escolares frequentando o 9º ano do ensino fundamental, distribuído pela idade
3681	81	2012	sim		Percentual de escolares frequentando o 9º ano do ensino fundamental, distribuído pelo nível de instrução da mãe
3682	81	2012	sim		Percentual de escolares frequentando o 9º ano do ensino fundamental, distribuído pelo nível de instrução do pai
3684	162	2012	sim		Percentual de escolares frequentando o 9º ano do ensino fundamental
3685	81	2012	sim		Percentual de escolares frequentando o 9º ano do ensino fundamental
3686	81	2012	sim		Percentual de escolares frequentando o 9º ano do ensino fundamental que possuem bens e/ou serviços no domicílio, distribuído pelo tipo de bens e serviços
3688	162	2012	sim		Percentual de escolares frequentando o 9º ano do ensino fundamental
3689	162	2012	sim		Percentual de escolares frequentando o 9º ano do ensino fundamental cujos pais ou responsáveis sabiam o que eles faziam durante o tempo livre nos 30 dias anteriores à pesquisa
369	12113	1999	sim		Número de óbitos fetais ocorridos e registrados no ano
3690	162	2012	sim		Percentual de escolares frequentando o 9º ano do ensino fundamental
3691	162	2012	sim		Percentual de escolares frequentando o 9º ano do ensino fundamental que faltaram às aulas ou à escola sem permissão dos pais ou responsáveis nos 30 dias anteriores à pesquisa
3692	162	2012	sim		Percentual de escolares frequentando o 9º ano do ensino fundamental com 300 minutos ou mais de atividade física acumulada, nos 7 dias anteriores à pesquisa
3693	81	2012	sim		Percentual de escolares frequentando o 9º ano do ensino fundamental que costumam fazer refeições em cinco ou mais dias na semana com a presença dos pais ou responsáveis
3694	162	2012	sim		Percentual de escolares frequentando o 9º ano do ensino fundamental cujos pais ou responsáveis verificaram se os deveres de casa (lição de casa) foram feitos nos 30 dias anteriores à pesquisa
3695	162	2012	sim		Percentual de escolares frequentando o 9º ano do ensino fundamental cujos pais ou responsáveis entenderam seus problemas e preocupações nos 30 dias anteriores à pesquisa
3696	162	2012	sim		Percentual de escolares frequentando o 9º ano do ensino fundamental cujos pais ou responsáveis mexeram em suas coisas sem sua concordância nos 30 dias anteriores à pesquisa
3697	162	2012	sim		Percentual de escolares frequentando o 9º ano do ensino fundamental
3698	162	2012	sim		Percentual de escolares frequentando o 9º ano do ensino fundamental que tiveram 2 ou mais dias de aulas de educação física na escola, nos 7 dias anteriores à pesquisa
3699	81	2012	sim		Percentual de escolares frequentando o 9º ano do ensino fundamental que costumam assistir duas ou mais horas de televisão, num dia de semana comum
3701	567	2012	sim		Percentual de escolares frequentando o 9º ano do ensino fundamental que experimentaram cigarro alguma vez
3702	486	2012	sim		Percentual de escolares frequentando o 9º ano do ensino fundamental que experimentaram bebida alcoólica alguma vez
3703	81	2012	sim		Percentual de escolares frequentando o 9º ano do ensino fundamental que usaram drogas ilícitas alguma vez
3704	324	2012	sim		Percentual de escolares frequentando o 9º ano do ensino fundamental que costumam tomar café da manhã 5 dias ou mais na semana
3705	81	2012	sim		Percentual de escolares frequentando o 9º ano do ensino fundamental que usaram algum tipo de droga, distribuído pela frequência de uso dessas drogas, nos últimos 30 dias
3706	81	2012	sim		Percentual de escolares frequentando o 9º ano do ensino fundamental que usaram algum tipo de droga, distribuído pela frequência de uso de maconha, nos últimos 30 dias
3707	81	2012	sim		Percentual de escolares frequentando o 9º ano do ensino fundamental que usaram algum tipo de droga, distribuído pela frequência de uso de crack, nos últimos 30 dias
3708	486	2012	sim		Percentual de escolares frequentando o 9º ano do ensino fundamental que já tiveram relação sexual
3709	81	2012	sim		Percentual de escolares frequentando o 9º ano do ensino fundamental, distribuído pela frequência com que os colegas da escola os trataram bem e/ou foram prestativos com eles nos 30 dias anteriores à pesquisa
3710	81	2012	sim		Percentual de escolares frequentando o 9º ano do ensino fundamental, distribuído pela frequência com que se sentiram humilhados pelas provocações de colegas da escola nos 30 dias anteriores à pesquisa
3711	81	2012	sim		Percentual de escolares frequentando o 9º ano do ensino fundamental que esculacharam, zombaram, zoaram, caçoaram, mangaram, intimidaram ou humilharam algum de seus colegas da escola tanto que ele ficou magoado, aborrecido, ofendido ou humilhado
3712	81	2012	sim		Percentual de escolares frequentando o 9º ano do ensino fundamental que não compareceram à escola por falta de segurança no trajeto casa-escola ou na escola nos 30 dias anteriores à pesquisa
3713	243	2012	sim		Percentual de escolares frequentando o 9º ano do ensino fundamental que estiveram envolvidos em alguma briga na qual alguma pessoa usou arma de fogo
3714	324	2012	sim		Percentual de escolares frequentando o 9º ano do ensino fundamental que não usaram cinto de segurança quando estavam em veículo motorizado dirigido por outra pessoa
3715	81	2012	sim		Percentual de escolares frequentando o 9º ano do ensino fundamental que foram seriamente feridos uma ou mais vezes nos 12 meses anteriores à pesquisa
3716	162	2012	sim		Percentual de escolares frequentando o 9º ano do ensino fundamental com escovação de dentes igual ou superior a três vezes ao dia
3717	81	2012	sim		Percentual de escolares frequentando o 9º ano do ensino fundamental, distribuído pela frequência de ida ao dentista, nos 12 meses anteriores à pesquisa
3718	243	2012	sim		Percentual de escolares frequentando o 9º ano do ensino fundamental que nunca ou raramente lavaram as mãos antes de comer, nos 30 dias anteriores à pesquisa
3719	81	2012	sim		Percentual de escolares frequentando o 9º ano do ensino fundamental, distribuído pela autopercepção da imagem corporal
3720	81	2012	sim		Percentual de escolares frequentando o 9º ano do ensino fundamental, distribuído pela atitude em relação ao próprio peso corporal
3721	243	2012	sim		Percentual de escolares frequentando o 9º ano do ensino fundamental que vomitaram e/ou ingeriram laxantes para perder peso ou evitar ganhar peso
3723	243	2012	sim		Percentual de escolares frequentando o 9º ano do ensino fundamental que se sentiram sozinhos na maioria das vezes ou sempre, nos 12 meses anteriores à pesquisa
3724	162	2012	sim		Percentual de escolares frequentando o 9º ano do ensino fundamental que procuraram algum serviço ou profissional de saúde para atendimento relacionado à própria saúde, nos 12 meses anteriores à pesquisa
3725	162	2012	sim		Percentual de escolares frequentando o 9º ano do ensino fundamental que tiveram chiado ou piado no peito, nos 12 meses anteriores à pesquisa
3726	81	2012	sim		Percentual de escolares frequentando o 9º ano do ensino fundamental que fizeram 300 minutos ou mais de atividade física, nos últimos 7 dias
3737	16695	2010	sim		Pessoas de 10 anos ou mais de idade
3738	810	2012	sim		Escolares frequentando o 9º ano do ensino fundamental em escolas que informaram possuir biblioteca
3741	10826	2010	sim		Taxa de analfabetismo das pessoas de 10 a 17 anos de idade
3742	324	2012	sim		Escolares frequentando o 9º ano do ensino fundamental em escolas que informaram possuir cantina
3743	954	2012	sim		Escolares frequentando o 9º ano do ensino fundamental em escolas que informaram possuir quadra de esportes
3744	11130	2010	sim		Pessoas de 10 a 17 anos de idade, ocupadas na semana de referência
3745	11090	2010	sim		Pessoas de 10 a 17 anos de idade, ocupadas na semana de referência
3747	7659	2010	sim	Populacao	Percentual de pessoas que não frequentavam escola na população de 14 a 17 anos de idade, ocupadas na semana de referência
3748	11128	2010	sim		Pessoas de 14 a 17 anos de idade, ocupadas na semana de referência
3749	11128	2010	sim		Pessoas de 14 a 17 anos de idade, ocupadas na semana de referência
3750	324	2012	sim		Escolares frequentando o 9º ano do ensino fundamental em que, a localidade onde a escola está situada foi considerada, nos últimos 12 meses, área de risco em termos de violência (roubos, furtos, assaltos, consumo de drogas, homicídios etc)
3751	486	2012	sim		Escolares frequentando o 9º ano do ensino fundamental, em escolas que informaram ter conhecimento de consumo de cigarro por professores nas suas dependências
376	4	1987	sim		Famílias
378	5570	1987	sim		Famílias que possuem bens duráveis
379	4	1987	sim	Gini / desigualdade	Índice de Gini do recebimento médio mensal das famílias
380	2	1987	sim		Pessoas moradoras com 10 anos ou mais de idade
381	11140	1987	sim		Pessoas moradoras com 15 anos ou mais de idade
382	4	1987	sim		Tamanho médio das famílias
383	4	1987	sim		Valor da despesa média mensal familiar
384	4	1987	sim		Valor da despesa média mensal familiar
387	4	1987	sim		Percentual da despesa média mensal familiar
3881	89	2010	sim	Populacao	População residente
390	11140	1987	sim		Percentual da despesa média mensal familiar
3901	16695	2010	sim		Pessoas de 10 a 17 anos de idade
3902	5565	2010	sim		Pessoas de 10 a 17 anos de idade
3904	11124	2010	sim		Pessoas de 10 a 17 anos de idade que não frequentavam escola
3905	11124	2010	sim		Pessoas de 10 a 17 anos de idade que não frequentavam escola
3906	11124	2010	sim		Pessoas de 10 a 17 anos de idade que não frequentavam escola
3907	16695	2010	sim		Pessoas de 10 a 17 anos de idade
3908	16695	2010	sim		Pessoas de 10 a 17 anos de idade
3909	5524	2010	sim		Pessoas de 14 a 17 anos de idade, ocupadas na semana de referência
3910	5564	2010	sim		Pessoas de 14 a 17 anos de idade, ocupadas na semana de referência
3911	5564	2010	sim		Pessoas de 14 a 17 anos de idade, ocupadas na semana de referência
3912	5564	2010	sim		Pessoas de 14 a 17 anos de idade, ocupadas na semana de referência
3947	11130	2010	sim		Percentual de pessoas de 10 anos ou mais de idade, distribuído pelos grupos de idade
3948	89	2010	sim	Populacao	População residente
3949	11130	2010	sim		Percentual de pessoas de 10 a 17 anos de idade, distribuído pela situação do domicílio
3950	5564	2010	sim		Percentual de pessoas de 14 a 17 anos de idade, ocupadas na semana de referência, distribuído pela situação do domicílio
3951	22260	2010	sim		Percentual de pessoas de 10 a 17 anos de idade, distribuído por cor ou raça
3952	11128	2010	sim		Pessoas de 14 a 17 anos de idade, ocupadas na semana de referência
3953	5565	2010	sim		Nível da ocupação, na semana de referência, das pessoas de 10 a 17 anos de idade
3954	5545	2010	sim		Taxa de escolarização das pessoas de 10 a 17 anos de idade
3955	5521	2010	sim		Taxa de escolarização das pessoas de 14 a 17 anos de idade, ocupadas na semana de referência
3956	5565	2010	sim		Nível da ocupação, na semana de referência, das pessoas de 10 a 17 anos de idade
3957	11130	2010	sim		Pessoas de 10 a 17 anos de idade que frequentavam escola
3958	5565	2010	sim		Número médio de horas habitualmente trabalhadas por semana no trabalho principal das pessoas de 10 anos ou mais de idade, ocupadas na semana de referência
3959	5544	2010	sim		Número médio de horas habitualmente trabalhadas por semana no trabalho principal das pessoas de 14 a 17 anos de idade, ocupadas na semana de referência
396	5564	2008	sim		Municípios com serviço de abastecimento de água por rede geral de distribuição
3960	5565	2010	sim		Número médio de horas habitualmente trabalhadas por semana no trabalho principal das pessoas de 10 a 17 anos de idade, ocupadas na semana de referência
3961	5564	2010	sim		Número médio de horas habitualmente trabalhadas por semana no trabalho principal das pessoas de 14 a 17 anos de idade, ocupadas na semana de referência
3962	11130	2010	sim		Pessoas de 10 a 17 anos de idade, ocupadas na semana de referência
3963	11128	2010	sim		Pessoas de 14 a 17 anos de idade, ocupadas na semana de referência
3964	11130	2010	sim		Pessoas de 10 a 17 anos de idade, ocupadas na semana de referência
3965	11128	2010	sim		Pessoas de 14 a 17 anos de idade, ocupadas na semana de referência
3966	11120	2010	sim		Pessoas de 10 a 17 anos de idade, ocupadas na semana de referência, que, no trabalho principal, trabalhavam fora do domicílio e retornavam diariamente do trabalho para o domicílio, exclusive as pessoas que, no trabalho principal, trabalhavam em mais de um município ou país
3967	11116	2010	sim		Pessoas de 14 a 17 anos de idade, ocupadas na semana de referência, que, no trabalho principal, trabalhavam fora do domicílio e retornavam diariamente do trabalho para o domicílio, exclusive as pessoas que, no trabalho principal, trabalhavam em mais de um município ou país
3968	11090	2010	sim	Renda / rendimento	Valor do rendimento nominal médio mensal do trabalho principal das pessoas de 10 anos ou mais de idade, ocupadas na semana de referência, com rendimento do trabalho principal
3969	11120	2010	sim	Renda / rendimento	Valor do rendimento nominal médio mensal do trabalho principal das pessoas de 14 a 17 anos de idade, ocupadas na semana de referência, com rendimento do trabalho principal
3970	11122	2010	sim	Renda / rendimento	Valor do rendimento nominal médio mensal do trabalho principal das pessoas de 10 a 17 anos de idade, ocupadas na semana de referência, com rendimento do trabalho principal
3971	11120	2010	sim	Renda / rendimento	Valor do rendimento nominal médio mensal do trabalho principal das pessoas de 14 a 17 anos de idade, ocupadas na semana de referência, com rendimento do trabalho principal
3972	11130	2010	sim		Pessoas de 10 a 17 anos de idade, ocupadas na semana de referência
3973	11128	2010	sim		Pessoas de 14 a 17 anos de idade, ocupadas na semana de referência
3975	11128	2010	sim	Populacao|Renda / rendimento	Valor do rendimento nominal médio mensal domiciliar per capita das pessoas de 14 a 17 anos de idade, com rendimento mensal domiciliar per capita, residentes em domicílios particulares, exclusive as pessoas cuja condição no domicílio era pensionista, empregado(a) doméstico(a) ou parente do(a) empregado(a) doméstico(a)
3976	11130	2010	sim	Populacao	Pessoas de 10 a 17 anos de idade, residentes em domicílios particulares, exclusive as pessoas cuja condição no domicílio era pensionista, empregado(a) doméstico(a) ou parente do(a) empregado(a) doméstico(a)
3977	11130	2010	sim	Populacao	Pessoas de 10 a 17 anos de idade, ocupadas na semana de referência, residentes em domicílios particulares, exclusive as pessoas cuja condição no domicílio era pensionista, empregado(a) doméstico(a) ou parente do(a) empregado(a) doméstico(a)
3978	11128	2010	sim	Populacao	Pessoas de 14 a 17 anos de idade, ocupadas na semana de referência, residentes em domicílios particulares, exclusive as pessoas cuja condição no domicílio era pensionista, empregado(a) doméstico(a) ou parente do(a) empregado(a) doméstico(a)
3979	11130	2010	sim	Populacao	Pessoas de 10 a 17 anos de idade, não ocupadas na semana de referência, residentes em domicílios particulares, exclusive as pessoas cuja condição no domicílio era pensionista, empregado(a) doméstico(a) ou parente do(a) empregado(a) doméstico(a)
3980	89	2010	sim	Populacao	População residente
3981	88	2010	sim		Pessoas não naturais da unidade da federação
3982	89	2010	sim		Pessoas de 10 anos ou mais de idade
3983	89	2010	sim		Pessoas de 10 anos ou mais de idade
3984	89	2010	sim		Pessoas de 10 anos ou mais de idade que viviam em união conjugal
3985	89	2010	sim		Pessoas de 10 anos ou mais de idade, que não viviam mas já viveram em união conjugal
3986	623	2010	sim		Mulheres de 10 anos ou mais de idade
3987	89	2010	sim	Populacao	População residente
3988	178	2010	sim	Populacao	População residente
3989	89	2010	sim		Pessoas que frequentavam escola ou creche
399	4	1987	sim		Valor da despesa média mensal familiar em alimentação
3990	89	2010	sim		Pessoas de 10 anos ou mais de idade
3991	89	2010	sim		Pessoas de 10 anos ou mais de idade
3992	89	2010	sim		Pessoas de 10 anos ou mais de idade ocupadas na semana de referência
3993	89	2010	sim		Pessoas de 10 anos ou mais de idade ocupadas na semana de referência
3994	89	2010	sim		Pessoas de 10 anos ou mais de idade, ocupadas na semana de referência
3995	89	2010	sim		Pessoas de 10 anos ou mais de idade, ocupadas na semana de referência
3996	89	2010	sim		Pessoas de 10 anos ou mais de idade, ocupadas na semana de referência
3997	89	2010	sim		Pessoas que frequentavam escola ou creche
3998	89	2010	sim		Pessoas ocupadas na semana de referência
3999	89	2010	sim		Domicílios particulares permanentes
400	4	1987	sim		Percentual da despesa média mensal familiar em alimentação
4000	89	2010	sim		Domicílios particulares permanentes
4001	89	2010	sim		Domicílios particulares permanentes
4002	89	2010	sim		Moradores em domicílios particulares permanentes
4003	89	2010	sim		Pessoas de 10 anos ou mais de idade
4004	16695	2010	sim	Renda / rendimento	Pessoas de 10 anos ou mais de idade, com rendimento
4005	16695	2010	sim	Renda / rendimento	Pessoas de 10 anos ou mais de idade, ocupadas na semana de referência e com rendimento de trabalho
4006	89	2010	sim		Domicílios particulares permanentes
4007	89	2010	sim		Domicílios particulares permanentes
4008	89	2010	sim		Domicílios particulares permanentes
4009	16695	2010	sim	Renda / rendimento	Domicílios particulares permanentes com rendimento domiciliar
4010	89	2010	sim		Pessoas ocupadas na semana de referência, que trabalhavam fora do domicílio e retornavam para seu domicílio diariamente
4011	89	2010	sim		Domicílios particulares permanentes
4012	89	2010	sim		Domicílios particulares permanentes em aglomerados subnormais
4013	89	2010	sim		Domicílios particulares permanentes em aglomerados subnormais
4014	89	2010	sim		Domicílios particulares permanentes em aglomerados subnormais
4015	89	2010	sim		Domicílios particulares permanentes em aglomerados subnormais
4016	89	2010	sim		Domicílios particulares permanentes em aglomerados subnormais
4017	89	2010	sim		Domicílios particulares permanentes em aglomerados subnormais
4018	89	2010	sim		Domicílios particulares permanentes em aglomerados subnormais
4019	89	2010	sim		Domicílios particulares permanentes em aglomerados subnormais
406	8723	1999	sim		Número de separações judiciais concedidas em 1ª instância
4081	4998	2006	sim		Valor da produção
4087	432	2013	sim		Pessoas que tiveram atendimento de urgência no domicílio nos últimos doze meses anteriores à data da entrevista
4091	9470	2006	sim		Número de pés existentes nos estabelecimentos agropecuários com até 50 pés existentes em 31/12
4092	4212		sim		Pessoas de 14 anos ou mais de idade
4093	39312		sim		Pessoas de 14 anos ou mais de idade
4094	39312		sim		Pessoas de 14 anos ou mais de idade
4095	39312		sim		Pessoas de 14 anos ou mais de idade
4096	3807		sim		Pessoas de 14 anos ou mais de idade ocupadas na semana de referência
4098	10592	2012	sim		Número de processos de divórcio encerrados em 1ª instância
4099	11232		sim		Taxa de desocupação, na semana de referência, das pessoas de 14 anos ou mais de idade
4100	4131		sim		Pessoas de 14 anos ou mais de idade
4102	11077	2006	sim		Número de estabelecimentos agropecuários
4103	5472	2006	sim		Número de estabelecimentos agropecuários que obtiveram financiamento
4104	11096	2006	sim	Empresas / ocupacao	Pessoal ocupado em estabelecimentos agropecuários em 31/12
4105	2235	2006	sim		Número de estabelecimentos agropecuários que produziram leite de búfala
4106	22348	2006	sim		Número de estabelecimentos agropecuários com caprinos
4107	16710	2006	sim		Número de estabelecimentos agropecuários
4108	16710	2006	sim		Número de estabelecimentos agropecuários
4109	11046	2006	sim		Valor da produção
4110	25194	2006	sim		Número de estabelecimentos agropecuários com ovinos
4111	44055	2006	sim		Número de estabelecimentos agropecuários que produziram leite de vaca
4112	10969	2006	sim		Número de estabelecimentos agropecuários com suínos
4113	11054	2006	sim	Empresas / ocupacao	Pessoal ocupado em estabelecimentos agropecuários em 31/12 sem laço de parentesco com o produtor
4114	37026	2006	sim		Número de estabelecimentos agropecuários que produziram ovos de galinhas
4115	6840	2006	sim		Número de estabelecimentos agropecuários com caixas de colmeias na data de referência
4116	16710	2006	sim		Número de estabelecimentos agropecuários com apicultura
4117	37098	2006	sim		Valor da produção dos estabelecimentos agropecuários com mais de 50 pés existentes em 31/12
4118	11084	2006	sim		Número de estabelecimentos agropecuários com produção
4119	11083	2006	sim		Número de estabelecimentos agropecuários que obtiveram receitas no ano
412	4	1987	sim		Valor do recebimento médio mensal familiar
4120	5548	2006	sim		Número de estabelecimentos agropecuários
4121	11086	2006	sim		Número de estabelecimentos agropecuários
4122	11086	2006	sim		Número de estabelecimentos agropecuários
4123	5548	2006	sim		Número de estabelecimentos agropecuários
4124	5547	2006	sim		Número de estabelecimentos agropecuários com eletrodomésticos
4125	5544	2006	sim		Número de estabelecimentos agropecuários
4126	5570	2006	sim		Número de estabelecimentos agropecuários com produção animal integrada à indústria
4127	5548	2006	sim		Número de estabelecimentos agropecuários
4128	5548	2006	sim		Número de estabelecimentos agropecuários
4129	11086	2006	sim		Número de estabelecimentos agropecuários
413	11140	1987	sim		Valor do recebimento médio mensal familiar
4130	11086	2006	sim		Número de estabelecimentos agropecuários
4131	5548	2006	sim		Número de estabelecimentos agropecuários
4132	8379	2006	sim		Número de estabelecimentos agropecuários que utilizaram plantio direto na palha
4133	17416	2006	sim		Número de estabelecimentos agropecuários
4134	10562	2006	sim		Número de estabelecimentos agropecuários com tratores
4136	11086	2006	sim		Número de estabelecimentos agropecuários
4137	5548	2006	sim		Número de estabelecimentos agropecuários
4138	5548	2006	sim		Número de estabelecimentos agropecuários
4139	5548	2006	sim		Número de estabelecimentos agropecuários
414	4	1987	sim		Percentual do recebimento médio mensal familiar
4140	11086	2006	sim		Número de estabelecimentos agropecuários
4141	10835	2006	sim		Número de estabelecimentos agropecuários que obtiveram financiamento
4142	4480	2010	sim		Pessoas indígenas
4143	10785	2006	sim		Número de estabelecimentos agropecuários
4144	5528	2006	sim		Número de estabelecimentos agropecuários
4145	5258	2006	sim		Valor da produção
4146	5548	2006	sim		Pessoas que dirigem os estabelecimentos agropecuários
4147	11096	2006	sim	Empresas / ocupacao	Pessoal ocupado em estabelecimentos agropecuários em 31/12 com laço de parentesco com o produtor
4148	5014	2006	sim		Valor da produção
4149	11086	2006	sim		Número de estabelecimentos agropecuários
415	11140	1987	sim		Valor do recebimento médio mensal familiar
4150	11086	2006	sim		Número de estabelecimentos agropecuários
4151	11086	2006	sim		Número de estabelecimentos agropecuários
4153	5545	2006	sim		Número de estabelecimentos agropecuários com produtor proprietário, concessionário ou assentado sem titulação definitiva
4154	5548	2006	sim		Número de estabelecimentos agropecuários
4155	5548	2006	sim		Número de estabelecimentos agropecuários
4156	10149	2006	sim		Número de estabelecimentos agropecuários com uso de irrigação
4157	5482	2006	sim		Número de estabelecimentos agropecuários com recursos hídricos
4158	13442	2006	sim		Número de estabelecimentos agropecuários
4159	13825	2006	sim		Número de estabelecimentos agropecuários
416	2	1987	sim		Valor da dedução média mensal familiar
4161	5548	2006	sim		Número de estabelecimentos agropecuários
4162	432	2013	sim		Pessoas de 18 anos ou mais de idade usuárias atuais de produtos derivados do tabaco
4168	408	2013	sim		Pessoas de 18 anos ou mais de idade fumantes de tabaco que procuraram tratamento com profissional de saúde para tentar parar de fumar nos últimos 12 meses
417	8	1987	sim		Aquisição (monetária) alimentar domiciliar per capita anual
4173	432	2013	sim		Pessoas de 18 anos ou mais de idade fumantes atuais de tabaco
4175	432	2013	sim		Pessoas de 18 anos ou mais de idade não fumantes expostos ao fumo passivo no local de trabalho fechado
418	8	1987	sim		Aquisição (monetária) alimentar domiciliar per capita anual
419	8	1987	sim		Aquisição (monetária) alimentar domiciliar per capita anual
4193	432	2013	sim		Pessoas de 18 anos ou mais de idade ex-fumantes de tabaco
4195	432	2013	sim		Pessoas de 18 anos ou mais de idade fumantes diários de tabaco
420	2	1987	sim		Percentual da dedução média mensal familiar
4204	432	2013	sim		Pessoas de 18 anos ou mais de idade não fumantes expostos ao fumo passivo em casa
421	27850	1998	sim		Número de processos de divórcio encerrados em 1ª instância
4213	432	2013	sim		Pessoas de 18 anos ou mais de idade fumantes de tabaco que tentaram parar de fumar nos últimos 12 meses
4222	432	2013	sim		Pessoas de 18 anos ou mais de idade expostas à mídia pró-tabaco
4231	432	2013	sim		Pessoas de 18 anos ou mais de idade fumantes expostas às advertências dos maços de cigarros
4241	432	2013	sim		Pessoas de 18 anos ou mais de idade fumantes atuais de cigarro
4250	432	2013	sim		Pessoas de 18 anos ou mais de idade que praticam o nível recomendado de atividade física no lazer
426	9484	1999	sim		Número de divórcios concedidos em 1ª instância
4262	432	2013	sim		Pessoas de 18 anos ou mais de idade fisicamente ativas no deslocamento para suas atividades habituais
4263	432	2013	sim		Pessoas de 18 anos ou mais de idade fisicamente ativas no trabalho
4265	11054	2006	sim	Empresas / ocupacao	Pessoal ocupado em estabelecimentos agropecuários em 31/12 sem laço de parentesco com o produtor
4266	11054	2006	sim	Empresas / ocupacao	Pessoal ocupado em estabelecimentos agropecuários em 31/12 sem laço de parentesco com o produtor
4267	22174	2006	sim	Empresas / ocupacao	Número de estabelecimentos agropecuários com pessoal ocupado com laço de parentesco com o produtor
4268	5521	2006	sim		Número de estabelecimentos agropecuários com trabalhadores temporários contratados no ano
4281	432	2013	sim		Pessoas de 18 anos ou mais de idade fisicamente ativas na realização das atividades domésticas
4282	432	2013	sim		Pessoas de 18 anos ou mais de idade que assistem televisão por 3 horas ou mais por dia
4305	432	2013	sim		Pessoas de 18 anos ou mais de idade que consomem feijão regularmente
433	11140	1987	sim		Valor do recebimento médio mensal familiar
4335	432	2013	sim		Pessoas de 18 anos ou mais de idade que consomem peixe pelo menos um dia por semana
434	4	1987	sim		Percentual do recebimento médio mensal familiar
435	4	1987	sim		Percentual do recebimento médio mensal familiar
436	4	1987	sim		Percentual do recebimento médio mensal familiar
437	4	1987	sim		Percentual do recebimento médio mensal familiar
4388	432	2013	sim		Pessoas de 18 anos ou mais de idade que referem consumo elevado de sal
439	4	1987	sim		Famílias
4394	432	2013	sim		Pessoas de 18 anos ou mais de idade que costumam consumir bebida alcoólica uma vez ou mais por mês
4400	432	2013	sim		Pessoas de 18 anos ou mais de idade que costumam consumir bebida alcoólica uma vez ou mais por semana
4406	115403	2016	sim		Número de casamentos
4409	430	2013	sim		Pessoas de 18 anos ou mais de idade que nunca mediram sua pressão arterial
4412	115403	2016	sim		Número de casamentos
4418	432	2013	sim		Pessoas de 18 anos ou mais de idade que referem diagnóstico médico de hipertensão arterial
4443	432	2013	sim		Pessoas de 18 anos ou mais de idade que referem diagnóstico médico de hipertensão arterial e receberam assistência médica para hipertensão nos últimos 12 meses
445	4	1987	sim		Pessoas moradoras com 15 anos ou mais de idade
4474	413	2013	sim		Pessoas de 18 anos ou mais de idade que referem diagnóstico médico de hipertensão arterial e possuem grau intenso ou muito intenso de limitações nas atividades habituais devido à hipertensão ou de alguma complicação
4481	432	2013	sim		Pessoas de 18 anos ou mais de idade que nunca fizeram exame de sangue para medir a glicemia
4487	432	2013	sim		Pessoas de 18 anos ou mais de idade que referem diagnóstico médico de diabetes
4515	432	2013	sim		Pessoas de 18 anos ou mais de idade que nunca fizeram exame de sangue para medir o colesterol e triglicerídeos
4537	432	2013	sim		Pessoas de 18 anos ou mais de idade que referem diagnóstico médico de diabetes e receberam assistência médica para diabetes nos últimos 12 meses
4547	432	2013	sim		Pessoas de 18 anos ou mais de idade que referem diagnóstico médico de colesterol alto
4551	380	2013	sim		Pessoas de 18 anos ou mais de idade que referem diagnóstico médico de diabetes e possuem grau intenso ou muito intenso de limitações nas atividades habituais devido à diabetes ou de alguma complicação
4576	432	2013	sim		Pessoas de 18 anos ou mais de idade que referem diagnóstico médico de asma
4578	432	2013	sim		Pessoas de 18 anos ou mais de idade que referem diagnóstico médico de alguma doença do coração
4583	216	2013	sim		Idade média que tinham as pessoas de 18 anos ou mais de idade quando houve diagnóstico de asma
4595	430	2013	sim		Pessoas de 18 anos ou mais de idade que referem diagnóstico médico de asma e que tiveram crise de asma nos últimos 12 meses
4605	422	2013	sim		Pessoas de 18 anos ou mais de idade que referem diagnóstico médico de alguma doença do coração e já fizeram alguma cirurgia de ponte de safena ou colocação de stent ou angioplastia
4618	391	2013	sim		Pessoas de 18 anos ou mais de idade que referem diagnóstico médico de doença do coração e possuem grau intenso ou muito intenso de limitações nas atividades habituais devido à doença do coração ou de alguma complicação
4624	431	2013	sim		Pessoas de 18 anos ou mais de idade que referem diagnóstico médico de AVC
4625	368	2013	sim		Pessoas de 18 anos ou mais de idade que referem diagnóstico médico de AVC e possuem grau intenso ou muito intenso de limitações nas atividades habituais devido ao AVC ou de alguma complicação
4638	432	2013	sim		Pessoas de 18 anos ou mais de idade que referem problema crônico de coluna
4639	432	2013	sim		Pessoas de 18 anos ou mais de idade que referem diagnóstico médico de artrite ou reumatismo
4649	428	2013	sim		Pessoas de 18 anos ou mais de idade que referem diagnóstico médico de DORT (Distúrbio Osteomuscular Relacionado ao Trabalho)
4651	432	2013	sim		Pessoas de 18 anos ou mais de idade que referem problema crônico de coluna e possuem grau intenso ou muito intenso de limitações nas atividades habituais devido ao problema crônico de coluna
4681	431	2013	sim		Pessoas de 18 anos ou mais de idade que referem diagnóstico médico de câncer
4688	422	2013	sim		Pessoas de 18 anos ou mais de idade que referem diagnóstico de depressão e possuem grau intenso ou muito intenso de limitações nas atividades habituais devido à depressão
4694	432	2013	sim		Pessoas de 18 anos ou mais de idade que referem diagnóstico de depressão por profissional de saúde mental
4709	16710	2022	sim	Populacao	População residente
4711	67286	2022	sim		Domicílios recenseados
4712	38990	2022	sim		Moradores em domicílios particulares permanentes ocupados
4714	33420	2022	sim	Populacao	População residente
472	4974	1996	sim	Populacao	População residente
4722	428	2013	sim		Pessoas de 18 anos ou mais de idade que referem diagnóstico médico de insuficiência renal crônica
473	4974	1996	sim		Pessoas de 4 anos ou mais de idade
475	4974	1996	sim	Populacao	População residente
4751	432	2013	sim		Pessoas de 18 anos ou mais de idade com autoavaliação de saúde boa ou muito boa
476	4974	1996	sim		Pessoas de 4 anos ou mais de idade
4767	427	2013	sim		Pessoas de 18 anos ou mais de idade que referem diagnóstico de depressão e fazem psicoterapia
477	4974	1996	sim		Pessoas de 4 anos ou mais de idade que frequentam escola
4774	432	2013	sim		Pessoas de 18 anos ou mais de idade que referem diagnóstico de depressão e receberam assistência médica para depressão nos últimos 12 meses
4780	115403	2016	sim		Número de casamentos
4781	115403	2016	sim		Número de casamentos
479	4974	1996	sim		Chefes de domicílios particulares permanentes
480	4974	1996	sim	Populacao	População residente
481	5570	1996	sim		Média de moradores em domicílios particulares permanentes
482	4974	1996	sim		Domicílios particulares permanentes
483	4934	1995	sim		Valor das cabeças vendidas
484	4973	1996	sim	Populacao	Pessoas não residentes no município de residência atual em 01/09/91
485	4904	1995	sim		Valor das cabeças abatidas
486	4904	1995	sim		Valor das cabeças abatidas
487	4904	1995	sim		Valor das cabeças abatidas
488	4913	1995	sim		Quantidade produzida de leite
489	4913	1995	sim		Quantidade produzida de leite
490	4913	1995	sim		Quantidade produzida de leite
491	4956	1995	sim		Área dos estabelecimentos agropecuários
492	5570	1995	sim		Número de informantes
493	5570	1995	sim		Número de informantes
4938	432	2013	sim		Pessoas que tinham algum plano de saúde (médico ou odontológico)
494	5570	1995	sim		Número de informantes
495	5570	1995	sim		Quantidade produzida
4957	216	2013	sim	Densidade demografica	Densidade de moradores por cômodo do domicílio
4958	216	2013	sim	Densidade demografica	Densidade de moradores por domicílio
496	5570	1995	sim		Quantidade produzida
4960	429	2013	sim		Domicílios com água canalizada em pelo menos um cômodo
497	5570	1995	sim		Quantidade produzida
498	4934	1995	sim		Valor da produção
499	4934	1995	sim		Valor da produção
500	4934	1995	sim		Valor da produção
501	4876	1995	sim		Área colhida
502	4934	1995	sim		Área colhida
503	4934	1995	sim		Área colhida
5031	432	2013	sim		Pessoas que deixaram de realizar atividades habituais nas últimas duas semanas anteriores à pesquisa por motivo de saúde
504	5570	1995	sim		Número de informantes
5043	432	2013	sim		Pessoas que costumam procurar o mesmo lugar, médico ou serviço de saúde, quando precisam de atendimento de saúde
5045	432	2013	sim		Pessoas que utilizaram alguma prática integrativa e complementar nos últimos doze meses anteriores à data da entrevista
505	5570	1995	sim		Número de informantes
5055	432	2013	sim		Pessoas que consultaram médico nos últimos 12 meses
506	5570	1995	sim		Número de informantes
507	5570	1995	sim		Quantidade produzida
5072	432	2013	sim		Pessoas que consultaram dentista nos últimos 12 meses
5075	432	2013	sim		Pessoas que ficaram internadas em hospitais por 24 horas ou mais nos doze meses anteriores à data da entrevista
508	5570	1995	sim		Quantidade produzida
509	5570	1995	sim		Quantidade produzida
5090	432	2013	sim		Pessoas que procuraram atendimento de saúde nas duas últimas semanas anteriores à data da pesquisa
510	4915	1995	sim		Área colhida
511	4914	1995	sim		Área colhida
512	4914	1995	sim		Área colhida
513	4915	1995	sim		Valor da produção
514	4915	1995	sim		Valor da produção
5141	432	2013	sim		Pessoas de 18 anos ou mais de idade que escovam os dentes pelo menos duas vezes por dia
5142	432	2013	sim		Pessoas de 18 anos ou mais de idade que usam algum tipo de prótese dentária
515	4915	1995	sim		Valor da produção
516	4914	1995	sim		Número de pés colhidos
517	4914	1995	sim		Número de pés colhidos
518	4914	1995	sim		Número de pés colhidos
519	5570	1995	sim		Número de informantes
5196	432	2013	sim		Pessoas que ficaram internadas em hospitais por 24 horas ou mais nos doze meses anteriores à data da entrevista e a última internação foi através do Sistema Único de Saúde
520	5570	1995	sim		Número de informantes
5208	432	2013	sim		Pessoas de 18 anos ou mais de idade que usam escova de dente, pasta de dente e fio dental para a limpeza dos dentes
521	5570	1995	sim		Número de informantes
5212	432	2013	sim		Pessoas de 18 anos ou mais de idade que trocam a escova de dente por uma nova com menos de 3 meses
5219	432	2013	sim		Pessoas de 18 anos ou mais de idade que consideram sua saúde bucal como boa ou muito boa
522	4656	1995	sim		Quantidade produzida
523	4656	1995	sim		Quantidade produzida
524	4656	1995	sim		Quantidade produzida
525	4657	1995	sim		Valor da produção
5250	432	2013	sim		Pessoas de 18 anos ou mais de idade que perderam todos os dentes
5256	432	2013	sim		Pessoas de 18 anos ou mais de idade que perderam 13 ou mais dentes
526	4657	1995	sim		Valor da produção
5267	420	2013	sim		Pessoas de 18 anos ou mais de idade que sempre usam capacete quando dirigem motocicleta
527	4657	1995	sim		Valor da produção
5273	429	2013	sim		Pessoas de 18 anos ou mais de idade que sempre usam capacete como passageiros de motocicleta
528	5570	1995	sim		Número de informantes
529	5570	1995	sim		Número de informantes
530	5570	1995	sim		Número de informantes
531	5570	1995	sim		Quantidade produzida
532	73	1995	sim		Quantidade produzida
533	5570	1995	sim		Quantidade produzida
534	2671	1995	sim		Valor da produção
535	2671	1995	sim		Valor da produção
536	2671	1995	sim		Valor da produção
537	5570	1995	sim		Número de informantes de árvores
538	5570	1995	sim		Número de informantes de árvores
539	5570	1995	sim		Número de informantes de árvores
540	3525	1995	sim		Número de árvores existentes
541	3525	1995	sim		Número de árvores existentes
542	3513	1995	sim		Número de árvores existentes
5429	1080		sim	Renda / rendimento	Rendimento médio nominal do trabalho principal, habitualmente recebido por mês, pelas pessoas de 14 anos ou mais de idade, ocupadas na semana de referência, com rendimento de trabalho
543	5570	1995	sim		Número de informantes
5430	1080		sim	Renda / rendimento	Rendimento médio nominal do trabalho principal, habitualmente recebido por mês, pelas pessoas de 14 anos ou mais de idade, ocupadas na semana de referência, com rendimento de trabalho
5432	108		sim	Renda / rendimento	Rendimento médio nominal do trabalho principal, habitualmente recebido por mês, pelas pessoas de 14 anos ou mais de idade, ocupadas na semana de referência, com rendimento de trabalho
5435	3807		sim		Pessoas de 14 anos ou mais de idade ocupadas na semana de referência
5436	18144		sim	Renda / rendimento	Rendimento médio mensal real das pessoas de 14 anos ou mais de idade ocupadas na semana de referência com rendimento de trabalho, habitualmente recebido no trabalho principal
5437	17064		sim	Renda / rendimento	Rendimento médio mensal real das pessoas de 14 anos ou mais de idade ocupadas na semana de referência com rendimento de trabalho, habitualmente recebido no trabalho principal
5438	18144		sim	Renda / rendimento	Rendimento médio mensal real das pessoas de 14 anos ou mais de idade ocupadas na semana de referência com rendimento de trabalho, habitualmente recebido no trabalho principal
5439	8964		sim	Renda / rendimento	Rendimento médio mensal real das pessoas de 14 anos ou mais de idade ocupadas na semana de referência com rendimento de trabalho, habitualmente recebido no trabalho principal
544	5570	1995	sim		Número de informantes
5443	540		sim	Renda / rendimento	Rendimento médio nominal do trabalho principal, habitualmente recebido por mês, pelas pessoas de 14 anos ou mais de idade, ocupadas na semana de referência, com rendimento de trabalho
5444	7992		sim	Renda / rendimento	Rendimento médio mensal real das pessoas de 14 anos ou mais de idade ocupadas na semana de referência com rendimento de trabalho, habitualmente recebido no trabalho principal
5445	11084	2006	sim		Número de estabelecimentos agropecuários que realizaram despesas
5446	135	2013	sim		Pessoas que deixaram de realizar atividades habituais nas últimas duas semanas anteriores à pesquisa por motivo de saúde
5447	135	2013	sim		Pessoas que procuraram atendimento de saúde nas duas últimas semanas anteriores à data da pesquisa
545	5570	1995	sim		Número de informantes
5450	11051	2006	sim		Número de cabeças de bovinos nos estabelecimentos agropecuários
5454	135	2013	sim		Pessoas que costumam procurar o mesmo lugar, médico ou serviço de saúde, quando precisam de atendimento de saúde
5459	85549		sim		Número de estabelecimentos
546	5570	1995	sim		Quantidade produzida
547	5570	1995	sim		Quantidade produzida
5470	53148		sim		Número de estabelecimentos com armazéns convencionais, estruturais e infláveis
548	5570	1995	sim		Quantidade produzida
549	4261	1995	sim		Valor da produção
550	4261	1995	sim		Valor da produção
551	4261	1995	sim		Valor da produção
552	5570	1996	sim		Média de moradores em domicílios particulares permanentes
553	5570	1996	sim		Média de moradores em domicílios particulares permanentes
5605	108		sim	Renda / rendimento	Massa de rendimento nominal de todos os trabalhos, habitualmente recebido por mês, pelas pessoas de 14 anos ou mais de idade, ocupadas na semana de referência, com rendimento de trabalho
5606	8532		sim	Renda / rendimento	Massa de rendimento mensal real das pessoas de 14 anos ou mais de idade ocupadas na semana de referência com rendimento de trabalho, habitualmente recebido em todos os trabalhos
564	11086	2006	sim	Empresas / ocupacao	Pessoal ocupado na agricultura familiar
579	16305	2007	sim		Domicílios particulares permanentes
580	16305	2007	sim		Domicílios particulares permanentes
5901	1209	2010	sim	Populacao	População residente
5917	3807		sim	Populacao	População
5918	3402		sim	Populacao	População
5919	4050		sim	Populacao	População
5929	47144	2016	sim		Número de divórcios concedidos em 1ª instância
5930	27997	2016	sim		Área total existente em 31/12 dos efetivos da silvicultura
5933	35852	2016	sim		Escrituras de divórcio
5934	26735	2016	sim		Número de processos de divórcio encerrados em 1ª instância
5935	26735	2016	sim		Número de processos de divórcio encerrados em 1ª instância
5936	46410	2016	sim		Número de divórcios concedidos em 1ª instância a casais com filhos menores de idade
5937	23597	2016	sim		Número de divórcios concedidos em 1ª instância
5946	11061	2006	sim		Número de estabelecimentos agropecuários com produção
5947	3807		sim		Pessoas de 14 anos ou mais de idade ocupadas na semana de referência
5948	162	2015	sim		Escolares frequentando o 9º ano do ensino fundamental em escolas que informaram possuir biblioteca em condições de uso
5950	162	2015	sim		Escolares frequentando o 9º ano do ensino fundamental em escolas que informaram possuir sala ou laboratório de informática em condições de uso
5951	162	2015	sim		Escolares frequentando o 9º ano do ensino fundamental em escolas que informaram possuir computadores (desktops, laptops, notebooks, netbooks, tablets) em condições de uso e disponíveis para os alunos em sala de aula e/ou salas específicas de informática
5952	162	2015	sim		Escolares frequentando o 9º ano do ensino fundamental em escolas em que os alunos têm acesso à internet através de equipamentos da escola
5953	162	2015	sim		Escolares frequentando o 9º ano do ensino fundamental em escolas que informaram possuir salas de recursos de mídia/comunicação em condições de uso (ex.: televisão, videocassete, dvd, projetor)
5954	162	2015	sim		Escolares frequentando o 9º ano do ensino fundamental em escolas que informaram possuir conselho escolar que se reúne com frequência
5955	162	2015	sim		Escolares frequentando o 9º ano do ensino fundamental em escolas que informaram ficar abertas nos finais de semana para prática de ações pactuadas com a comunidade
5956	162	2015	sim		Escolares frequentando o 9º ano do ensino fundamental em escolas que informaram possuir quadra de esportes em condições de uso
5957	108	2015	sim		Escolares frequentando o 9º ano do ensino fundamental em escolas que informaram possuir pista de corrida/atletismo em condições de uso
5958	162	2015	sim		Escolares frequentando o 9º ano do ensino fundamental em escolas que informaram possuir piscina em condições de uso
5959	162	2015	sim		Escolares frequentando o 9º ano do ensino fundamental em escolas que informaram possuir pátio para a prática de atividade física com instrutor
5960	162	2015	sim		Escolares frequentando o 9º ano do ensino fundamental em escolas que informaram possuir material esportivo ou para jogos e brincadeiras em condições de uso
5961	162	2015	sim		Escolares frequentando o 9º ano do ensino fundamental em escolas que informaram possuir vestiário em condições de uso
5962	162	2015	sim		Escolares frequentando o 9º ano do ensino fundamental em escolas que informaram oferecer atividades esportivas para os alunos, fora do horário de aula regular
5963	162	2015	sim		Escolares frequentando o 9º ano do ensino fundamental em escolas que informaram possuir alunos com deficiência ou com transtorno global do desenvolvimento
5964	162	2015	sim		Escolares frequentando o 9º ano do ensino fundamental em escolas que informaram possuir estrutura para assegurar a acessibilidade dos alunos com necessidades especiais
5965	162	2015	sim		Escolares frequentando o 9º ano do ensino fundamental em escolas que informaram oferecer comida (merenda escolar/almoço) para os escolares
5966	162	2015	sim		Escolares frequentando o 9º ano do ensino fundamental em escolas que informaram possuir cozinha em condições de uso
5967	162	2015	sim		Escolares frequentando o 9º ano do ensino fundamental em escolas que informaram possuir refeitório (espaço exclusivo para servir alimentação) em condições de uso
5968	162	2015	sim		Escolares frequentando o 9º ano do ensino fundamental em escolas que informaram possuir cantina
5969	162	2015	sim		Escolares frequentando o 9º ano do ensino fundamental em escolas que informaram existência de ponto alternativo de venda de produtos alimentícios, dentro ou na entrada da escola (ex.: ambulante/carrocinha)
5970	162	2015	sim		Escolares frequentando o 9º ano do ensino fundamental em escolas que informaram possuir horta
5971	162	2015	sim		Escolares frequentando o 9º ano do ensino fundamental em escolas que informaram possuir água potável (adequada para beber)
5972	162	2015	sim		Escolares frequentando o 9º ano do ensino fundamental em escolas que informaram possuir banheiros em condições de uso
5973	162	2015	sim		Escolares frequentando o 9º ano do ensino fundamental em escolas que informaram possuir banheiros separados para alunos e alunas em condições de uso
5974	162	2015	sim		Escolares frequentando o 9º ano do ensino fundamental em escolas que informaram possuir pia ou lavatório em condições de uso onde os escolares podem lavar as mãos depois de ir ao banheiro e/ou antes das refeições
5976	138	2015	sim		Escolares frequentando o 9º ano do ensino fundamental em escolas que informaram ter suspendido ou interrompido as aulas por motivo de segurança em termos de violência pelo menos 1 vez nos últimos 12 meses
5977	162	2015	sim		Escolares frequentando o 9º ano do ensino fundamental em escolas que informaram possuir algum grupo ou comitê responsável por orientar ou coordenar ações e/ou atividades relacionadas à saúde
5978	162	2015	sim		Escolares frequentando o 9º ano do ensino fundamental em escolas que informaram ter aderido ao Programa de Saúde da Escola (PSE) e implementam ações do programa
5979	162	2015	sim		Escolares frequentando o 9º ano do ensino fundamental em escolas que informaram implementar ações do Programa Mais Educação
5980	156	2015	sim		Escolares frequentando o 9º ano do ensino fundamental em escolas que informaram realizar ações conjuntas com a Unidade Básica de Saúde ou com a Equipe de Saúde da Família ou com a Equipe de Atenção Básica
5981	162	2015	sim		Escolares frequentando o 9º ano do ensino fundamental em escolas que informaram manter registros sobre a caderneta de vacinação dos escolares ou registros sobre a saúde dos escolares (histórico clínico, ocorrência de alergias, acidente, tipo sanguíneo, doenças etc.)
5982	162	2015	sim		Escolares frequentando o 9º ano do ensino fundamental em escolas que informaram possuir material e/ou medicamentos de Primeiros Socorros mantidos em local adequado
5983	156	2015	sim		Escolares frequentando o 9º ano do ensino fundamental, em escolas que informaram ter conhecimento de consumo de cigarro por professores nas suas dependências
5984	162	2015	sim		Escolares frequentando o 9º ano do ensino fundamental em escolas que informaram ter conhecimento de consumo de cigarro pelos escolares nas suas dependências
5985	162	2015	sim		Escolares frequentando o 9º ano do ensino fundamental em escolas que informaram possuir alguma política, norma ou regra escrita que proíba o uso de tabaco nas suas dependências
5986	81	2015	sim		Percentual de escolares frequentando o 9º ano do ensino fundamental que não compareceram à escola por falta de segurança no trajeto casa-escola ou na escola nos 30 dias anteriores à pesquisa
5987	81	2015	sim		Escolares frequentando o 9º ano do ensino fundamental
5988	81	2015	sim		Percentual de escolares frequentando o 9º ano do ensino fundamental
5989	81	2015	sim		Percentual de escolares frequentando o 9º ano do ensino fundamental
5995	81	2015	sim		Percentual de escolares frequentando o 9º ano do ensino fundamental que possuem telefone fixo no domicílio
5996	81	2015	sim		Percentual de escolares frequentando o 9º ano do ensino fundamental
5997	81	2015	sim		Percentual de escolares frequentando o 9º ano do ensino fundamental
5998	81	2015	sim		Percentual de escolares frequentando o 9º ano do ensino fundamental que costumam tomar café da manhã 5 dias ou mais na semana
5999	81	2015	sim		Percentual de escolares frequentando o 9º ano do ensino fundamental que costumam almoçar ou jantar com pais ou responsáveis 5 dias ou mais na semana
6000	81	2015	sim		Percentual de escolares frequentando o 9º ano do ensino fundamental que costumam comer quando estão assistindo à TV ou estudando
6001	81	2015	sim		Percentual de escolares frequentando o 9º ano do ensino fundamental em escolas que informaram oferecer comida (merenda escolar/almoço) para os escolares
6002	81	2015	sim		Percentual de escolares frequentando o 9º ano do ensino fundamental que costumam comer merenda escolar ou almoço oferecidos pela escola
6005	81	2015	sim		Percentual de escolares frequentando o 9º ano do ensino fundamental que comeram em restaurantes fast-food (lanchonetes, barracas de cachorro quente, pizzaria etc) 3 dias ou mais nos 7 dias anteriores à pesquisa
6006	81	2015	sim		Percentual de escolares frequentando o 9º ano do ensino fundamental, que fumaram nos 30 dias anteriores à pesquisa, distribuído pelo modo como conseguiram cigarro
6007	81	2015	sim		Percentual de escolares frequentando o 9º ano do ensino fundamental, que consumiram bebida alcoólica nos 30 dias anteriores à pesquisa, distribuído pelo modo como conseguiram a bebida
6009	162	2015	sim		Escolares frequentando o 9º ano do ensino fundamental em escolas que informaram possuir alguma política, norma ou regra escrita que proíba o consumo de bebidas alcoólicas nas suas dependências
6010	162	2015	sim		Escolares frequentando o 9º ano do ensino fundamental em escolas que informaram possuir alguma política, norma ou regra escrita que proíba o uso de drogas ilícitas nas suas dependências
6011	162	2015	sim		Escolares frequentando o 9º ano do ensino fundamental em escolas que informaram possuir alguma política, norma ou regra escrita que proíba bullying nas suas dependências
6013	81	2015	sim		Percentual de escolares frequentando o 9º ano do ensino fundamental
6014	81	2015	sim		Percentual de escolares frequentando o 9º ano do ensino fundamental
6015	81	2015	sim		Percentual de escolares frequentando o 9º ano do ensino fundamental
6016	81	2015	sim		Percentual de escolares frequentando o 9º ano do ensino fundamental
6017	81	2015	sim		Percentual de escolares frequentando o 9º ano do ensino fundamental
6018	81	2015	sim		Percentual de escolares frequentando o 9º ano do ensino fundamental que fizeram 300 minutos ou mais de atívidade física globalmente estimada, nos 7 dias anteriores à pesquisa
6019	81	2015	sim		Percentual de escolares frequentando o 9º ano do ensino fundamental
6020	81	2015	sim		Percentual de escolares frequentando o 9º ano do ensino fundamental que costumam assistir, semanalmente, 2 ou mais horas de televisão
6021	81	2015	sim		Percentual de escolares frequentando o 9º ano do ensino fundamental que costumam ficar sentados(as), assistindo televisão, usando computador, jogando videogame, conversando com amigos(as) ou fazendo outras atividades sentados(as), semanalmente, por 3 ou mais horas
6023	81	2015	sim		Percentual de escolares frequentando o 9º ano do ensino fundamental que experimentaram cigarro alguma vez
6024	81	2015	sim		Percentual de escolares frequentando o 9º ano do ensino fundamental, dentre aqueles que experimentaram cigarros alguma vez, que fumaram nos 30 dias anteriores à pesquisa
6026	81	2015	sim		Percentual de escolares frequentando o 9º ano do ensino fundamental que usaram outros produtos de tabaco (cigarros de palha ou enrolados a mão, charuto, cachimbo, cigarrilha, cigarro indiano ou bali, narguilé, rapé, fumo de mascar etc) nos 30 dias anteriores à pesquisa
6028	81	2015	sim		Percentual de escolares frequentando o 9º ano do ensino fundamental que estiveram em presença de pessoas que faziam uso de cigarro nos 7 dias anteriores à pesquisa
6029	81	2015	sim		Percentual de escolares frequentando o 9º ano do ensino fundamental em que ao menos um dos pais ou responsáveis é fumante
6030	81	2015	sim		Percentual de escolares frequentando o 9º ano do ensino fundamental que experimentaram bebida alcoólica alguma vez
6031	81	2015	sim		Percentual de escolares frequentando o 9º ano do ensino fundamental, dentre aqueles que experimentaram bebida alcoólica alguma vez, que consumiram bebidas alcoólicas pelo menos um dia nos 30 dias anteriores à pesquisa
6032	81	2015	sim		Percentual de escolares frequentando o 9º ano do ensino fundamental, dentre aqueles que experimentaram bebida alcoólica alguma vez, que sofreram algum episódio de embriaguez na vida
6033	81	2015	sim		Percentual de escolares frequentando o 9º ano do ensino fundamental, dentre aqueles que experimentaram bebida alcoólica alguma vez, que tiveram problemas com família ou amigos, perderam aulas ou brigaram, uma ou mais vezes, porque tinham bebido
6034	81	2015	sim		Percentual de escolares frequentando o 9º ano do ensino fundamental cujos amigos consomem bebidas alcoólicas
6035	81	2015	sim		Percentual de escolares frequentando o 9º ano do ensino fundamental que experimentaram drogas ilícitas alguma vez
6036	81	2015	sim		Percentual de escolares frequentando o 9º ano do ensino fundamental, dentre aqueles que experimentaram drogas ilícitas alguma vez, que usaram drogas nos 30 dias anteriores à pesquisa
6037	81	2015	sim		Percentual de escolares frequentando o 9º ano do ensino fundamental, dentre aqueles que experimentaram drogas ilícitas alguma vez, que usaram maconha nos 30 dias anteriores à pesquisa
6040	81	2015	sim		Percentual de escolares frequentando o 9º ano do ensino fundamental, dentre aqueles que experimentaram drogas ilícitas alguma vez, que usaram crack nos 30 dias anteriores à pesquisa
6043	81	2015	sim		Percentual de escolares frequentando o 9º ano do ensino fundamental que possuem amigos que usam drogas ilícitas
6044	81	2015	sim		Percentual de escolares frequentando o 9º ano do ensino fundamental
6045	81	2015	sim		Percentual de escolares frequentando o 9º ano do ensino fundamental
6046	81	2015	sim		Percentual de escolares frequentando o 9º ano do ensino fundamental
6047	81	2015	sim		Percentual de escolares frequentando o 9º ano do ensino fundamental
6049	81	2015	sim		Percentual de escolares frequentando o 9º ano do ensino fundamental, distribuído pela frequência com que os colegas da escola os trataram bem e/ou foram prestativos com eles nos 30 dias anteriores à pesquisa
6050	81	2015	sim		Percentual de escolares frequentando o 9º ano do ensino fundamental, distribuído pela frequência com que os colegas da escola os trataram bem e/ou foram prestativos com eles nos 30 dias anteriores à pesquisa
6051	81	2015	sim		Percentual de escolares frequentando o 9º ano do ensino fundamental, distribuído pela frequência com que se sentiram humilhados pelas provocações de colegas da escola nos 30 dias anteriores à pesquisa
6052	81	2015	sim		Percentual de escolares frequentando o 9º ano do ensino fundamental, distribuído pela frequência com que se sentiram humilhados pelas provocações de colegas da escola nos 30 dias anteriores à pesquisa
6053	81	2015	sim		Percentual de escolares frequentando o 9º ano do ensino fundamental que se sentiram humilhados por provocações de colegas da escola nos 30 dias anteriores à pesquisa
6054	81	2015	sim		Percentual de escolares frequentando o 9º ano do ensino fundamental que esculacharam, zombaram, mangaram, intimidaram ou caçoaram algum colega da escola nos 30 dias anteriores à pesquisa
6056	81	2015	sim		Percentual de escolares frequentando o 9º ano do ensino fundamental que já tiveram relação sexual
6057	81	2015	sim		Percentual de escolares frequentando o 9º ano do ensino fundamental, dentre aqueles que já tiveram relação sexual, que usaram preservativo (camisinha) na primeira relação sexual
6058	81	2015	sim		Percentual de escolares frequentando o 9º ano do ensino fundamental que já tiveram relação sexual, distribuído pelo número de parceiros
6059	81	2015	sim		Percentual de escolares frequentando o 9º ano do ensino fundamental, dentre aqueles que já tiveram relação sexual, que usaram algum método para evitar gravidez e/ou Doenças Sexualmente Transmissíveis (DST) na última relação sexual
6060	81	2015	sim		Percentual de escolares frequentando o 9º ano do ensino fundamental, dentre aqueles que já tiveram relação sexual, que usaram preservativo (camisinha) na última relação sexual
6061	81	2015	sim		Percentual de escolares frequentando o 9º ano do ensino fundamental, dentre aqueles que já tiveram relação sexual, que utilizaram outro método para evitar gravidez (exceto preservativo) na última relação sexual
6062	81	2015	sim		Percentual de escolares frequentando o 9º ano do ensino fundamental, do sexo feminino, que engravidaram alguma vez
6063	81	2015	sim		Percentual de escolares frequentando o 9º ano do ensino fundamental que receberam orientação, na escola, sobre prevenção de gravidez
6064	81	2015	sim		Percentual de escolares frequentando o 9º ano do ensino fundamental que receberam orientação, na escola, sobre AIDS ou outras Doenças Sexualmente Transmissíveis (DST)
6065	81	2015	sim		Percentual de escolares frequentando o 9º ano do ensino fundamental que receberam orientação, na escola, sobre aquisição gratuita de preservativo
6066	162	2015	sim		Escolares frequentando o 9º ano do ensino fundamental em escolas que informaram possuir alguma política, norma ou regra escrita que proíba brigas nas suas dependências
6067	81	2015	sim		Percentual de escolares frequentando o 9º ano do ensino fundamental, dentre aqueles que andaram de automóvel como passageiro no banco da frente ou de trás, que não usaram cinto de segurança nos 30 dias anteriores à pesquisa
6068	81	2015	sim		Percentual de escolares frequentando o 9º ano do ensino fundamental que possuem telefone celular no domicílio
6069	81	2015	sim		Percentual de escolares frequentando o 9º ano do ensino fundamental que possuem computador no domicílio
6070	81	2015	sim		Percentual de escolares frequentando o 9º ano do ensino fundamental, dentre aqueles que andaram de motocicleta, que usaram capacete nos 30 dias anteriores à pesquisa
6071	81	2015	sim		Percentual de escolares frequentando o 9º ano do ensino fundamental que conduziram veículo motorizado nos 30 dias anteriores à pesquisa
6072	81	2015	sim		Percentual de escolares frequentando o 9º ano do ensino fundamental que andaram em veículo motorizado cujo condutor ingeriu bebida alcoólica nos 30 dias anteriores à pesquisa
6073	81	2015	sim		Percentual de escolares frequentando o 9º ano do ensino fundamental que foram agredidos fisicamente por algum adulto da família alguma vez nos 30 dias anteriores à pesquisa
6074	81	2015	sim		Percentual de escolares frequentando o 9º ano do ensino fundamental que estiveram envolvidos em briga na qual ao menos um dos envolvidos usou arma de fogo nos 30 dias anteriores à pesquisa
6075	81	2015	sim		Percentual de escolares frequentando o 9º ano do ensino fundamental que estiveram envolvidos em briga na qual ao menos um dos envolvidos usou arma branca nos 30 dias anteriores à pesquisa
6076	81	2015	sim		Percentual de escolares frequentando o 9º ano do ensino fundamental que sofreram agressão física alguma vez nos 12 meses anteriores à pesquisa
6077	81	2015	sim		Percentual de escolares frequentando o 9º ano do ensino fundamental que se envolveram em alguma briga e/ou luta física nos 12 meses anteriores à pesquisa
6078	81	2015	sim		Percentual de escolares frequentando o 9º ano do ensino fundamental que foram seriamente feridos uma ou mais vezes nos 12 meses anteriores à pesquisa
6079	81	2015	sim		Percentual de escolares frequentando o 9º ano do ensino fundamental que tiveram algum ferimento ou lesão mais séria nos 12 meses anteriores à pesquisa
608	5565	2010	sim	Populacao	População residente
6082	81	2015	sim		Percentual de escolares frequentando o 9º ano do ensino fundamental que foram forçados a ter relação sexual alguma vez na vida
6083	486	2015	sim		Percentual de escolares frequentando o 9º ano do ensino fundamental, dentre aqueles que foram forçados a ter relação sexual alguma vez na vida, que foram forçados a ter relação sexual pelo namorado(a)/ex-namorado(a)
6084	81	2015	sim		Percentual de escolares frequentando o 9º ano do ensino fundamental que nunca ou raramente lavaram as mãos antes de comer, nos 30 dias anteriores à pesquisa
6085	81	2015	sim		Percentual de escolares frequentando o 9º ano do ensino fundamental que nunca ou raramente lavaram as mãos após usar o banheiro ou o vaso sanitário, nos 30 dias anteriores à pesquisa
6086	81	2015	sim		Percentual de escolares frequentando o 9º ano do ensino fundamental que nunca ou raramente usaram sabão/sabonete quando lavaram as mãos, nos 30 dias anteriores à pesquisa
6087	81	2015	sim		Percentual de escolares frequentando o 9º ano do ensino fundamental que escovaram os dentes 3 ou mais vezes por dia nos 30 dias anteriores à pesquisa
6088	81	2015	sim		Percentual de escolares frequentando o 9º ano do ensino fundamental que tiveram dor nos dentes (excluindo dor causada por uso de aparelho) nos 6 meses anteriores à pesquisa
6089	81	2015	sim		Percentual de escolares frequentando o 9º ano do ensino fundamental, distribuído pela frequência de ida ao dentista, nos 12 meses anteriores à pesquisa
6090	81	2015	sim		Percentual de escolares frequentando o 9º ano do ensino fundamental, distribuído pela frequência de ida ao dentista, nos 12 meses anteriores à pesquisa
6091	81	2015	sim		Percentual de escolares frequentando o 9º ano do ensino fundamental, distribuído pelo grau de importância atribuído à própria imagem corporal
6092	81	2015	sim		Percentual de escolares frequentando o 9º ano do ensino fundamental, distribuído pelo grau de importância atribuído à própria imagem corporal
6093	81	2015	sim		Percentual de escolares frequentando o 9º ano do ensino fundamental, distribuído pelo sentimento em relação ao próprio corpo
6094	81	2015	sim		Percentual de escolares frequentando o 9º ano do ensino fundamental, distribuído pelo sentimento em relação ao próprio corpo
6095	81	2015	sim		Percentual de escolares frequentando o 9º ano do ensino fundamental, distribuído pela autopercepção da imagem corporal
6096	81	2015	sim		Percentual de escolares frequentando o 9º ano do ensino fundamental, distribuído pela autopercepção da imagem corporal
6097	81	2015	sim		Percentual de escolares frequentando o 9º ano do ensino fundamental, distribuído pela atitude em relação ao próprio peso corporal
6098	81	2015	sim		Percentual de escolares frequentando o 9º ano do ensino fundamental, distribuído pela atitude em relação ao próprio peso corporal
6099	81	2015	sim		Percentual de escolares frequentando o 9º ano do ensino fundamental que vomitaram ou tomaram laxantes para perder peso ou evitar ganhar peso nos 30 dias anteriores à pesquisa
6100	81	2015	sim		Percentual de escolares frequentando o 9º ano do ensino fundamental que tomaram algum remédio, fórmula ou produto para perder peso sem acompanhamento médico nos 30 dias anteriores à pesquisa
6101	81	2015	sim		Percentual de escolares frequentando o 9º ano do ensino fundamental que ingeriram algum medicamento, fórmula ou outro produto para ganhar peso ou massa muscular sem acompanhamento médico nos 30 dias anteriores à pesquisa
6102	81	2015	sim		Percentual de escolares frequentando o 9º ano do ensino fundamental que se sentiram sozinhos na maioria das vezes ou sempre, nos 12 meses anteriores à pesquisa
6103	81	2015	sim		Percentual de escolares frequentando o 9º ano do ensino fundamental que perderam o sono devido a preocupações na maioria das vezes ou sempre, nos 12 meses anteriores à pesquisa
6104	81	2015	sim		Percentual de escolares frequentando o 9º ano do ensino fundamental que não têm amigos próximos
6105	81	2015	sim		Percentual de escolares frequentando o 9º ano do ensino fundamental, distribuído pela autoavaliação do estado de saúde
6106	81	2015	sim		Percentual de escolares frequentando o 9º ano do ensino fundamental, distribuído pela autoavaliação do estado de saúde
6107	81	2015	sim		Percentual de escolares frequentando o 9º ano do ensino fundamental que não foram à escola por motivos relacionados à própria saúde alguma vez nos 12 meses anteriores à pesquisa
6108	162	2015	sim		Escolares frequentando o 9º ano do ensino fundamental em escolas que informaram possuir alguma política, norma ou regra escrita que proíba punição física dos estudantes por professores ou funcionários nas suas dependências
6109	81	2015	sim		Percentual de escolares frequentando o 9º ano do ensino fundamental que procuraram algum serviço ou profissional de saúde para atendimento relacionado à própria saúde, nos 12 meses anteriores à pesquisa
6110	81	2015	sim		Percentual de escolares frequentando o 9º ano do ensino fundamental que procuraram uma Unidade Básica de Saúde e foram ou não foram atendidos(as), nos 12 meses anteriores à pesquisa
6111	81	2015	sim		Percentual de escolares frequentando o 9º ano do ensino fundamental que procuraram uma Unidade Básica de Saúde e foram ou não foram atendidos(as), nos 12 meses anteriores à pesquisa
6112	81	2015	sim		Percentual de escolares frequentando o 9º ano do ensino fundamental que procuraram uma Unidade Básica de Saúde e foram ou não foram atendidos(as), nos 12 meses anteriores à pesquisa
6113	81	2015	sim		Percentual de escolares frequentando o 9º ano do ensino fundamental que conhecem e/ou já ouviram falar sobre a campanha de vacinação contra o Papilomavírus Humano (HPV)
6114	81	2015	sim		Percentual de escolares do sexo feminino frequentando o 9º ano do ensino fundamental que já foram vacinadas contra o Papilomavírus Humano (HPV)
6115	81	2015	sim		Percentual de escolares frequentando o 9º ano do ensino fundamental que tiveram chiado ou piado no peito, nos 12 meses anteriores à pesquisa
6116	81	2015	sim		Percentual de escolares frequentando o 9º ano do ensino fundamental que tiveram episódio de asma alguma vez na vida
617	11135	2010	sim		Brasileiros natos
619	11086	2006	sim		Número de estabelecimentos agropecuários
6234	81	2015	sim		Percentual de escolares frequentando o 9º ano do ensino fundamental, dentre aqueles que andaram de automóvel como passageiro no banco da frente, que não usaram cinto de segurança nos 30 dias anteriores à pesquisa
6235	81	2015	sim		Percentual de escolares frequentando o 9º ano do ensino fundamental, dentre aqueles que andaram de automóvel como passageiro no banco de trás, que não usaram cinto de segurança nos 30 dias anteriores à pesquisa
6281	81	2015	sim		Percentual de escolares frequentando o 9º ano do ensino fundamental que possuem acesso à internet no domicílio
6282	81	2015	sim		Percentual de escolares frequentando o 9º ano do ensino fundamental que possuem carro no domicílio
6283	81	2015	sim		Percentual de escolares frequentando o 9º ano do ensino fundamental que possuem moto no domicílio
6284	81	2015	sim		Percentual de escolares frequentando o 9º ano do ensino fundamental que possuem banheiro com chuveiro dentro de casa
6285	81	2015	sim		Percentual de escolares frequentando o 9º ano do ensino fundamental que possuem empregado(a) doméstico(a) 3 ou mais dias na semana no domicílio
631	16642	2000	sim	Populacao	População residente
6325	81		sim		Pessoas de 14 anos ou mais de idade, ocupadas na semana de referência
6326	81		sim		Pessoas de 14 anos ou mais de idade, ocupadas na semana de referência
6327	81		sim		Pessoas de 14 anos ou mais de idade, ocupadas na semana de referência
6328	81		sim		Pessoas de 14 anos ou mais de idade, ocupadas na semana de referência
6329	81	2015	sim		Percentual de escolares frequentando o 9º ano do ensino fundamental que fumaram nos 30 dias anteriores à pesquisa
633	27850		sim		IPCAE - Percentual acumulado no ano
6330	81	2015	sim		Percentual de escolares frequentando o 9º ano do ensino fundamental, dentre aqueles que usam outros produtos de tabaco, que usaram outros produtos de tabaco (cigarros de palha ou enrolados a mão, charuto, cachimbo, cigarrilha, cigarro indiano ou bali, narguilé, rapé, fumo de mascar etc) nos 30 dias anteriores à pesquisa
6331	81	2015	sim		Percentual de escolares frequentando o 9º ano do ensino fundamental que consumiram bebidas alcoólicas pelo menos um dia nos 30 dias anteriores à pesquisa
6332	81	2015	sim		Percentual de escolares frequentando o 9º ano do ensino fundamental que sofreram algum episódio de embriaguez na vida
6333	81	2015	sim		Percentual de escolares frequentando o 9º ano do ensino fundamental que usaram drogas nos 30 dias anteriores à pesquisa
6334	81	2015	sim		Percentual de escolares frequentando o 9º ano do ensino fundamental que usaram maconha nos 30 dias anteriores à pesquisa
6335	81	2015	sim		Percentual de escolares frequentando o 9º ano do ensino fundamental que usaram crack nos 30 dias anteriores à pesquisa
6336	162	2015	sim		Escolares frequentando o 9º ano do ensino fundamental em escolas que informaram possuir cantina ou ponto alternativo de venda de produtos alimentícios
6337	162	2015	sim		Escolares frequentando o 9º ano do ensino fundamental em escolas que informaram ofertar sabão para lavagem das mãos
6338	162	2015	sim		Escolares frequentando o 9º ano do ensino fundamental em escolas que informaram possuir pia ou lavatório em condições de uso e ofertar sabão para lavagem das mãos
6339	162	2015	sim		Escolares frequentando o 9º ano do ensino fundamental
634	27850		sim		INPC - Variação acumulada no ano
6340	162	2015	sim		Escolares frequentando o 9º ano do ensino fundamental em escolas que informaram possuir quadra de esportes, material esportivo e vestiário em condições de uso
6341	486	2015	sim		Escolares frequentando o 9º ano do ensino fundamental em escolas que informaram possuir cantina ou ponto alternativo de venda de produtos alimentícios onde houve saída de refrigerante
636	27850		sim		IPCA - Variação acumulada no ano
6368	81	2015	sim		Percentual de escolares frequentando o 9º ano do ensino fundamental que tiveram problemas com família ou amigos, perderam aulas ou brigaram, uma ou mais vezes, porque tinham bebido
6369	81	2015	sim		Percentual de escolares frequentando o 9º ano do ensino fundamental, do sexo feminino, dentre as que já tiveram relações sexuais, que engravidaram alguma vez
6371	11232		sim		Média de horas habitualmente trabalhadas por semana no trabalho principal das pessoas de 14 anos ou mais de idade
6372	10800		sim		Média de horas habitualmente trabalhadas por semana no trabalho principal das pessoas de 14 anos ou mais de idade
6373	11016		sim		Média de horas habitualmente trabalhadas por semana no trabalho principal das pessoas de 14 anos ou mais de idade
6374	5616		sim		Média de horas habitualmente trabalhadas por semana no trabalho principal das pessoas de 14 anos ou mais de idade
6375	81	2015	sim		Percentual de escolares frequentando o 9º ano do ensino fundamental que não compareceram à escola por falta de segurança no trajeto casa-escola nos 30 dias anteriores à pesquisa
6376	81	2015	sim		Percentual de escolares frequentando o 9º ano do ensino fundamental que não compareceram à escola por falta de segurança na escola nos 30 dias anteriores à pesquisa
638	11140	1987	sim		Famílias que possuem bens duráveis
6382	4212		sim		Pessoas de 14 anos ou mais de idade, ocupadas na semana de referência como militares ou empregados do setor público no trabalho principal
6383	4131		sim		Pessoas de 14 anos ou mais de idade, ocupadas na semana de referência como trabalhadores domésticos no trabalho principal
6384	3807		sim		Pessoas de 14 anos ou mais de idade, ocupadas na semana de referência como empregados (exclusive trabalhadores domésticos) no trabalho principal
6385	4212		sim		Pessoas de 14 anos ou mais de idade ocupadas na semana de referência
639	2	1995	sim		Número de aquisições
6396	11232		sim		Taxa de desocupação, na semana de referência, das pessoas de 14 anos ou mais de idade
6398	26634		sim		Pessoas de 14 anos ou mais de idade, desocupadas na semana de referência
640	2	1995	sim		Frequência de aquisições
6401	81		sim		Pessoas de 14 anos ou mais de idade, ocupadas na semana de referência como empregadores ou conta própria no trabalho principal, que tinham empreendimento registrado no Cadastro Nacional de Pessoa Jurídica - CNPJ
6402	35532		sim		Pessoas de 14 anos ou mais de idade
6403	4131		sim	Populacao	População
6404	1080		sim	Renda / rendimento	Rendimento médio nominal do trabalho principal, habitualmente recebido por mês, pelas pessoas de 14 anos ou mais de idade, ocupadas na semana de referência, com rendimento de trabalho
6405	18144		sim	Renda / rendimento	Rendimento médio mensal real das pessoas de 14 anos ou mais de idade ocupadas na semana de referência com rendimento de trabalho, habitualmente recebido no trabalho principal
6406	10152		sim		Média de horas habitualmente trabalhadas por semana no trabalho principal das pessoas de 14 anos ou mais de idade
6407	810	2016	sim	Populacao	População
6408	810	2016	sim	Populacao	População
6409	810	2016	sim	Populacao	População
641	11140	1987	sim		Percentual de famílias que possuem bens duráveis
6420	540		sim	Renda / rendimento	Massa de rendimento nominal do trabalho principal, habitualmente recebido por mês, pelas pessoas de 14 anos ou mais de idade, ocupadas na semana de referência, com rendimento de trabalho
6421	8532		sim	Renda / rendimento	Massa de rendimento mensal real das pessoas de 14 anos ou mais de idade ocupadas na semana de referência com rendimento de trabalho, habitualmente recebido no trabalho principal
643	27850		sim		IPCA dessazonalizado - Variação acumulada no ano
6449	133680	2016	sim	Empresas / ocupacao	Número de empresas e outras organizações
645	27850		sim		IPCA dessazonalizado - Variação mensal
6450	133680	2016	sim	Empresas / ocupacao	Número de unidades locais
646	27850		sim		IPCA dessazonalizado - Peso mensal
6468	5157		sim		Taxa de desocupação, na semana de referência, das pessoas de 14 anos ou mais de idade
647	292572		nao		Custo de projeto m²
6472	24300		sim	Renda / rendimento	Rendimento médio mensal real das pessoas de 14 anos ou mais de idade ocupadas na semana de referência com rendimento de trabalho, habitualmente recebido em todos os trabalhos
648	27850		sim		IPCAE - Percentual acumulado no ano
649	10		sim		IPCAE - Percentual no mês
650	10		sim		IPCAE - Peso no mês
651	27850		sim		INPC - Variação acumulada no ano
6521	78	2016	sim	Populacao	Proporção da população que utiliza serviços de água potável gerenciados de forma segura
653	27850		sim		INPC - Variação mensal
654	27850		sim		INPC - Peso mensal
655	166		sim		IPCA - Variação mensal
656	27850		sim		IPCA - Peso mensal
657	166		sim		IPCA - Variação acumulada no ano
6578	432	2016	sim		Número médio de moradores
6579	122468	2017	sim	Populacao	População residente estimada
6589	7052	2016	sim		Número de estabelecimentos de hospedagem
659	27850		sim		IPCA dessazonalizado - Variação acumulada no ano
6598	3247	2016	sim		Número de estabelecimentos de hospedagem com 5 ou mais pessoas ocupadas, exceto campings
6599	3247	2016	sim		Número de estabelecimentos de hospedagem com 5 ou mais pessoas ocupadas, exceto campings
661	27850		sim		IPCA dessazonalizado - Variação mensal
6615	16710	2017	sim		Número de estabelecimentos agropecuários
6616	33420	2017	sim		Número de estabelecimentos agropecuários
6617	11140	2017	sim		Número de estabelecimentos agropecuários
6618	11140	2017	sim		Número de estabelecimentos agropecuários
6619	11140	2017	sim		Número de estabelecimentos agropecuários
662	27850		sim		IPCA dessazonalizado - Peso mensal
6620	11140	2017	sim		Número de estabelecimentos agropecuários
6621	11140	2017	sim		Número de estabelecimentos agropecuários que venderam produtos da aquicultura
6622	11116	2017	sim		Número de estabelecimentos agropecuários com apicultura
6623	11140	2017	sim		Número de estabelecimentos agropecuários
6624	11140	2017	sim		Número de estabelecimentos agropecuários
6626	32865	2017	sim		Número de estabelecimentos agropecuários com galinhas, galos, frangas, frangos e pintos
6627	28353	2017	sim		Número de estabelecimentos agropecuários com patos, gansos, marrecos, perdizes e faisões
6635	92542	2017	sim		Número de estabelecimentos agropecuários
6639	16710	2017	sim		Número de estabelecimentos agropecuários
6640	30632	2017	sim		Número de estabelecimentos agropecuários que não utilizaram sistema de preparo do solo
6641	11140	2017	sim		Número de estabelecimentos agropecuários
6642	11140	2017	sim		Número de estabelecimentos agropecuários
6643	5570	2017	sim		Número de estabelecimentos agropecuários
6644	5570	2017	sim		Número de estabelecimentos agropecuários
6647	5570	2017	sim		Número de estabelecimentos agropecuários
6648	5570	2017	sim		Número de estabelecimentos agropecuários
6649	5570	2017	sim		Número de estabelecimentos agropecuários
6650	5570	2017	sim		Número de estabelecimentos agropecuários
6651	5570	2017	sim		Número de estabelecimentos agropecuários
6652	5570	2017	sim		Número de estabelecimentos agropecuários
6653	5570	2017	sim		Número de estabelecimentos agropecuários
6654	5570	2017	sim		Número de estabelecimentos agropecuários
6655	5570	2017	sim		Número de estabelecimentos agropecuários
6657	5570	2017	sim		Número de estabelecimentos agropecuários
6658	5570	2017	sim		Número de estabelecimentos agropecuários
6659	5570	2017	sim		Número de estabelecimentos agropecuários
6660	5570	2017	sim		Número de estabelecimentos agropecuários
6661	5570	2017	sim		Número de estabelecimentos agropecuários
6677	1296	2016	sim		Domicílios
6678	432	2016	sim		Domicílios
6706	1080	2016	sim	Populacao	População
6707	5563	2017	sim		Número de estabelecimentos agropecuários
6708	5563	2017	sim		Número de estabelecimentos agropecuários
6709	5563	2017	sim		Número de estabelecimentos agropecuários
6710	22226	2017	sim		Número de estabelecimentos agropecuários
6712	21296	2017	sim		Número de estabelecimentos agropecuários dirigidos por casais
6713	5563	2017	sim		Número de estabelecimentos agropecuários
6717	11084	2017	sim		Número de estabelecimentos agropecuários com trabalhadores temporários ou parceiros sem laços de parentesco com o produtor no período de referência
6718	70508	2017	sim		Número de estabelecimentos agropecuários
6719	19833	2017	sim		Número de estabelecimentos agropecuários com caprinos
6720	19088	2017	sim		Número de estabelecimentos agropecuários com ovinos
6721	50167	2017	sim		Número de estabelecimentos agropecuários com suínos
6722	11117	2017	sim		Número de estabelecimentos agropecuários com área
6731	1296	2016	nao		Coeficiente de variação - Moradores em domicílios
6732	1296	2016	sim		Domicílios com rede geral de distribuição de água como principal forma de abastecimento de água
6733	1600	2016	sim		Domicílios com água canalizada
6734	1438	2017	sim		Domicílios com banheiro de uso exclusivo
6735	133680	2016	sim		Domicílios com banheiro, sanitário ou buraco para dejeções
6736	1296	2016	sim		Domicílios
6737	1492	2016	sim		Domicílios com energia elétrica
6738	1670	2016	sim		Domicílios com energia elétrica proveniente de rede geral em tempo integral
6739	1296	2016	sim		Domicílios
6753	11116	2017	sim		Número de estabelecimentos agropecuários
6754	11120	2017	sim		Número de estabelecimentos agropecuários
6755	5561	2017	sim		Número de estabelecimentos agropecuários dirigidos pelo produtor
6756	5561	2017	sim		Número de estabelecimentos agropecuários dirigidos pelo produtor
6757	5440	2017	sim		Número de estabelecimentos agropecuários dirigidos por casais
6758	5440	2017	sim		Número de estabelecimentos agropecuários dirigidos por casais
6759	5561	2017	sim		Número de estabelecimentos agropecuários dirigidos pelo produtor
6760	5440	2017	sim		Número de estabelecimentos agropecuários dirigidos por casais
6761	5563	2017	sim		Número de estabelecimentos agropecuários
6762	5563	2017	sim		Número de estabelecimentos agropecuários
6763	11126	2017	sim		Número de estabelecimentos agropecuários
6764	10695	2017	sim		Número de estabelecimentos agropecuários com uso de irrigação
6765	10695	2017	sim		Número de estabelecimentos agropecuários com uso de irrigação
6766	11126	2017	sim		Número de estabelecimentos agropecuários
6767	11126	2017	sim		Número de estabelecimentos agropecuários
6768	5563	2017	sim		Número de estabelecimentos agropecuários
6769	11120	2017	sim		Número de estabelecimentos agropecuários
6770	11120	2017	sim		Número de estabelecimentos agropecuários
6772	11120	2017	sim		Número de estabelecimentos agropecuários
6773	11120	2017	sim		Número de estabelecimentos agropecuários
6774	8957	2017	sim		Número de estabelecimentos agropecuários com produtor proprietário
6775	5561	2017	sim		Número de estabelecimentos agropecuários dirigidos pelo produtor
6776	5561	2017	sim		Número de estabelecimentos agropecuários dirigidos pelo produtor
6777	5563	2017	sim		Número de estabelecimentos agropecuários
6779	5563	2017	sim		Número de estabelecimentos agropecuários
6781	5563	2017	sim		Número de estabelecimentos agropecuários
6782	109408	2017	sim		Número de estabelecimentos agropecuários com bovinos
6783	109416	2017	sim		Número de estabelecimentos agropecuários com bovinos
6786	810	2016	sim	Populacao	População
6788	810	2016	sim		Domicílios
6789	11117	2017	sim		Número de estabelecimentos agropecuários
6790	5563	2017	sim		Número de estabelecimentos agropecuários
6791	5562	2017	sim		Número de estabelecimentos agropecuários
6792	5559	2017	sim		Número de estabelecimentos agropecuários
6805	5570	2022	sim		Domicílios particulares permanentes ocupados
6820	1296	2016	sim		Domicílios
6821	1296	2016	sim		Domicílios
6822	1296	2016	sim		Domicílios
6823	1296	2016	sim		Domicílios
6824	1296	2016	sim		Domicílios
6836	13217	2017	sim		Número de estabelecimentos agropecuários com espécies da silvicultura
6844	5563	2017	sim		Número de estabelecimentos agropecuários
6845	5563	2017	sim		Número de estabelecimentos agropecuários
6846	5563	2017	sim		Número de estabelecimentos agropecuários
6847	5563	2017	sim		Número de estabelecimentos agropecuários
6848	5563	2017	sim		Número de estabelecimentos agropecuários
6849	5563	2017	sim		Número de estabelecimentos agropecuários
6850	5514	2017	sim		Número de estabelecimentos agropecuários
6851	5563	2017	sim		Número de estabelecimentos agropecuários
6852	5563	2017	sim		Número de estabelecimentos agropecuários
6853	5563	2017	sim		Número de estabelecimentos agropecuários
6854	5563	2017	sim		Número de estabelecimentos agropecuários
6855	30548	2017	sim		Número de estabelecimentos agropecuários que não utilizaram sistema de preparo do solo
6856	30508	2017	sim		Número de estabelecimentos agropecuários que não utilizaram sistema de preparo do solo
6857	10697	2017	sim		Número de estabelecimentos agropecuários com uso de irrigação
6858	10697	2017	sim		Número de estabelecimentos agropecuários com uso de irrigação
6859	10697	2017	sim		Número de estabelecimentos agropecuários com uso de irrigação
6860	5563	2017	sim		Número de estabelecimentos agropecuários com recursos hídricos
6861	5563	2017	sim		Número de estabelecimentos agropecuários com recursos hídricos
6866	12755	2017	sim		Número de estabelecimentos agropecuários com unidades armazenadoras
6867	12755	2017	sim		Número de estabelecimentos agropecuários com unidades armazenadoras
6868	13483	2017	sim		Número de estabelecimentos agropecuários com unidades armazenadoras
6869	10714	2017	sim		Número de estabelecimentos agropecuários com tratores
6870	10714	2017	sim		Número de estabelecimentos agropecuários com tratores
6871	10714	2017	sim		Número de estabelecimentos agropecuários com tratores
6872	10842	2017	sim		Número de estabelecimentos agropecuários
6873	10831	2017	sim		Número de estabelecimentos agropecuários
6875	10948	2017	sim		Número de estabelecimentos agropecuários com veículos
6876	10948	2017	sim		Número de estabelecimentos agropecuários com veículos
6879	11120	2017	sim		Número de estabelecimentos agropecuários
6880	11120	2017	sim		Número de estabelecimentos agropecuários
6881	11120	2017	sim		Número de estabelecimentos agropecuários com área
6882	11120	2017	sim		Número de estabelecimentos agropecuários com área
6885	49193	2017	sim	Empresas / ocupacao	Número de estabelecimentos agropecuários com pessoal ocupado
6886	26956	2017	sim	Empresas / ocupacao	Número de estabelecimentos agropecuários com pessoal ocupado sem laço de parentesco com o produtor
6887	11119	2017	sim	Empresas / ocupacao	Número de estabelecimentos agropecuários com pessoal ocupado
6888	11120	2017	sim		Número de estabelecimentos agropecuários
6889	11120	2017	sim		Número de estabelecimentos agropecuários
6890	5563	2017	sim		Número de estabelecimentos agropecuários
6891	5563	2017	sim		Número de estabelecimentos agropecuários
6897	11119	2017	sim		Número de estabelecimentos agropecuários com produção
6898	11119	2017	sim		Número de estabelecimentos agropecuários com produção
6900	11120	2017	sim		Número de estabelecimentos agropecuários que realizaram despesas
6901	11119	2017	sim		Número de estabelecimentos agropecuários que obtiveram receitas ou com outras rendas do produtor
6902	11119	2017	sim		Número de estabelecimentos agropecuários que obtiveram receitas ou com outras rendas do produtor
6906	5563	2017	sim		Número de estabelecimentos agropecuários
6907	11104	2017	sim		Número de estabelecimentos agropecuários com efetivo da pecuária
6908	11104	2017	sim		Número de estabelecimentos agropecuários com efetivo da pecuária
6910	96317	2017	sim		Número de estabelecimentos agropecuários com bovinos
6911	96317	2017	sim		Número de estabelecimentos agropecuários com bovinos
6912	37532	2017	sim		Número de estabelecimentos agropecuários que produziram leite de vaca
6913	37539	2017	sim		Número de estabelecimentos agropecuários que produziram leite de vaca
6916	164998	2010	sim	Empresas / ocupacao	Número de unidades locais das fundações privadas e associações sem fins lucrativos
6917	179022	2010	sim	Empresas / ocupacao	Número de unidades locais das entidades sem fins lucrativos
6918	24515	2017	sim		Número de estabelecimentos agropecuários com bubalinos
6919	24552	2017	sim		Número de estabelecimentos agropecuários com bubalinos
6920	24126	2017	sim		Número de estabelecimentos agropecuários com equinos
6921	24157	2017	sim		Número de estabelecimentos agropecuários com equinos
6922	14765	2017	sim		Número de estabelecimentos agropecuários com asininos
6923	14927	2017	sim		Número de estabelecimentos agropecuários com asininos
6924	16747	2017	sim		Número de estabelecimentos agropecuários com muares
6925	16882	2017	sim		Número de estabelecimentos agropecuários com muares
6926	50751	2017	sim		Número de estabelecimentos agropecuários com suínos
6927	50751	2017	sim		Número de estabelecimentos agropecuários com suínos
6928	35126	2017	sim		Número de estabelecimentos agropecuários com caprinos
6929	35178	2017	sim		Número de estabelecimentos agropecuários com caprinos
6930	47821	2017	sim		Número de estabelecimentos agropecuários com ovinos
6931	47870	2017	sim		Número de estabelecimentos agropecuários com ovinos
6933	11560	2017	sim		Número de estabelecimentos agropecuários com codornas
6934	8458	2017	sim		Número de estabelecimentos agropecuários com coelhos
6935	36601	2017	sim		Número de estabelecimentos agropecuários com apicultura
6936	17157	2017	sim		Número de estabelecimentos agropecuários com sericicultura
6937	7950	2017	sim		Número de estabelecimentos agropecuários que venderam produtos da aquicultura
6938	4950	2017	sim		Número de estabelecimentos agropecuários com aquicultura
6939	5567	2017	sim		Número de estabelecimentos agropecuários com ranicultura
6940	54440	2017	sim		Número de estabelecimentos agropecuários com galinhas, galos, frangas, frangos e pintos
6941	54440	2017	sim		Número de estabelecimentos agropecuários com galinhas, galos, frangas, frangos e pintos
6942	54440	2017	sim		Número de estabelecimentos agropecuários com galinhas, galos, frangas, frangos e pintos
6943	16913	2017	sim		Número de estabelecimentos agropecuários com mais de 200 cabeças de galinhas, galos, frangas, frangos e pintos
6944	16913	2017	sim		Número de estabelecimentos agropecuários com mais de 200 cabeças de galinhas, galos, frangas, frangos e pintos
6945	10062	2017	sim		Número de estabelecimentos agropecuários com espécies da silvicultura
6946	10062	2017	sim		Número de estabelecimentos agropecuários com espécies da silvicultura
6947	7842	2017	sim		Número de estabelecimentos agropecuários com produtos da silvicultura
6948	7842	2017	sim		Número de estabelecimentos agropecuários com produtos da silvicultura
6949	7374	2017	sim		Número de estabelecimentos agropecuários com produtos da extração vegetal
6950	7374	2017	sim		Número de estabelecimentos agropecuários com produtos da extração vegetal
6951	2782	2017	sim		Número de estabelecimentos agropecuários com produção de floricultura e/ou plantas ornamentais
6952	2782	2017	sim		Número de estabelecimentos agropecuários com produção de floricultura e/ou plantas ornamentais
6953	15369	2017	sim		Número de estabelecimentos agropecuários com horticultura
6954	15369	2017	sim		Número de estabelecimentos agropecuários com horticultura
6955	48884	2017	sim		Número de estabelecimentos agropecuários com 50 pés e mais existentes da lavoura permanente
6956	48884	2017	sim		Número de estabelecimentos agropecuários com 50 pés e mais existentes da lavoura permanente
6957	22128	2017	sim		Número de estabelecimentos agropecuários com lavoura temporária
6958	22128	2017	sim		Número de estabelecimentos agropecuários com lavoura temporária
6959	22128	2017	sim		Número de estabelecimentos agropecuários com lavoura temporária
6960	15619	2017	sim		Número de estabelecimentos agropecuários com agroindústria rural
6961	15619	2017	sim		Número de estabelecimentos agropecuários com agroindústria rural
6962	11117	2017	sim		Número de estabelecimentos agropecuários
6963	10674	2017	sim		Número de estabelecimentos agropecuários com uso de irrigação
6965	16619	2017	sim		Número de estabelecimentos agropecuários com lavoura temporária
6966	39954	2017	sim		Número de estabelecimentos agropecuários com 50 pés e mais existentes da lavoura permanente
6976	198	2016	sim		Domicílios com banheiro, sanitário ou buraco para dejeções de uso exclusivo
703	19428	1999	sim		Número de casamentos entre cônjuges masculino e feminino
704	20207	1999	sim		Nascidos vivos ocorridos no ano
7061	1458		sim		IPCA dessazonalizado - Variação mensal
7062	634		sim		IPCA15 - Variação mensal
707	19428	1999	sim		Número de casamentos entre cônjuges masculino e feminino
712	19464	1999	sim		Número de casamentos entre cônjuges masculino e feminino
717	9516	1999	sim		Número de processos de divórcio encerrados em 1ª instância
724	1506	1999	sim		Número de filhos de casais envolvidos em divórcios concedidos em 1ª instância
730	8753	1999	sim		Número de separações judiciais concedidas em 1ª instância
738	8723	2001	sim		Número de separações judiciais concedidas em 1ª instância
739	10772	1998	sim		Número de filhos de casais envolvidos em separações judiciais concedidas em 1ª instância
740	8723	1999	sim		Número de separações judiciais concedidas em 1ª instância
761	5565	2010	sim	Populacao	População residente
765	11086	2006	sim		Número de estabelecimentos agropecuários
767	5548	2006	sim		Pessoas que dirigem os estabelecimentos agropecuários
777	5548	2006	sim		Número de estabelecimentos agropecuários
782	16710	2006	sim		Número de estabelecimentos agropecuários
783	16710	2006	sim		Número de estabelecimentos agropecuários
784	8379	2006	sim		Número de estabelecimentos agropecuários que utilizaram plantio direto na palha
785	8379	2006	sim		Número de estabelecimentos agropecuários que utilizaram plantio direto na palha
786	11086	2006	sim		Número de estabelecimentos agropecuários
787	11086	2006	sim		Número de estabelecimentos agropecuários
788	11096	2006	sim	Empresas / ocupacao	Pessoal ocupado em estabelecimentos agropecuários em 31/12 com laço de parentesco com o produtor
790	11096	2006	sim	Empresas / ocupacao	Pessoal ocupado em estabelecimentos agropecuários em 31/12 com laço de parentesco com o produtor
791	5548	2006	sim		Número de estabelecimentos agropecuários
792	5548	2006	sim		Número de estabelecimentos agropecuários
793	5564	2007	sim	Populacao	População residente
797	5435	2007	sim		Domicílios recenseados
798	5435	2007	sim		Domicílios particulares ocupados
801	5548	2006	sim		Número de estabelecimentos agropecuários
802	5292	2006	sim		Número de estabelecimentos agropecuários com utilização de mão-de-obra com intermediação de empreiteiro no ano
805	22174	2006	sim	Empresas / ocupacao	Número de estabelecimentos agropecuários com pessoal ocupado com laço de parentesco com o produtor
806	11096	2006	sim	Empresas / ocupacao	Pessoal ocupado em estabelecimentos agropecuários em 31/12 com laço de parentesco com o produtor
807	11096	2006	sim	Empresas / ocupacao	Pessoal ocupado em estabelecimentos agropecuários em 31/12 com laço de parentesco com o produtor
808	5533	2006	sim		Número de estabelecimentos agropecuários em que o produtor declarou ter atividade fora do estabelecimento no ano
809	5530	2006	sim	Renda / rendimento	Número de estabelecimentos agropecuários em que algum membro da família do produtor teve atividade remunerada fora do estabelecimento no ano
811	11054	2006	sim	Empresas / ocupacao	Pessoal ocupado em estabelecimentos agropecuários em 31/12 sem laço de parentesco com o produtor
812	11054	2006	sim	Empresas / ocupacao	Pessoal ocupado em estabelecimentos agropecuários em 31/12 sem laço de parentesco com o produtor
813	5521	2006	sim		Número de estabelecimentos agropecuários com trabalhadores temporários contratados no ano
814	14204	2006	sim		Área cortada de espécies da silvicultura
815	4412	2006	sim		Valor da produção
816	5103	2006	sim		Valor da produção
817	3677	2006	sim		Valor da produção
818	9880	2006	sim		Número de estabelecimentos agropecuários com horticultura
819	5258	2006	sim		Valor da produção
820	11084	2006	sim		Número de estabelecimentos agropecuários que realizaram despesas
822	5146	2006	sim		Valor da produção
824	11046	2006	sim		Valor da produção
825	11046	2006	sim		Valor da produção
827	22280	2006	sim		Número de informantes
828	5548	2006	sim		Número de estabelecimentos que não obtiveram financiamento
829	10835	2006	sim		Número de estabelecimentos agropecuários que obtiveram financiamento
830	11033	2006	sim		Número de estabelecimentos agropecuários que investiram
831	11086	2006	sim		Número de estabelecimentos agropecuários com informações sobre bens
832	10785	2006	sim		Número de estabelecimentos agropecuários
833	11084	2006	sim		Número de estabelecimentos agropecuários que realizaram despesas
834	11083	2006	sim		Número de estabelecimentos agropecuários que obtiveram receitas no ano
835	10670	2006	sim		Número de estabelecimentos agropecuários que obtiveram outras receitas no ano
836	11084	2006	sim		Número de estabelecimentos agropecuários com produção
837	11086	2006	sim		Número de estabelecimentos agropecuários
838	11086	2006	sim		Número de estabelecimentos agropecuários
839	182955	2016	sim		Área plantada
840	11086	2006	sim		Número de estabelecimentos agropecuários
841	5548	2006	sim		Pessoas que dirigem os estabelecimentos agropecuários
842	5548	2006	sim		Número de estabelecimentos agropecuários
843	5548	2006	sim		Número de estabelecimentos agropecuários
844	5548	2006	sim		Número de estabelecimentos agropecuários
845	5529	2006	sim		Número de estabelecimentos agropecuários
846	5548	2006	sim		Número de estabelecimentos agropecuários
847	5548	2006	sim		Número de estabelecimentos agropecuários
848	5548	2006	sim		Número de estabelecimentos agropecuários
849	8379	2006	sim		Número de estabelecimentos agropecuários que utilizaram plantio direto na palha
850	5548	2006	sim		Número de estabelecimentos agropecuários
851	5543	2006	sim		Número de estabelecimentos agropecuários
852	5548	2006	sim		Número de estabelecimentos agropecuários
853	5548	2006	sim		Número de estabelecimentos agropecuários
854	11086	2006	sim		Número de estabelecimentos agropecuários
855	10149	2006	sim		Número de estabelecimentos agropecuários com uso de irrigação
856	17416	2006	sim		Número de estabelecimentos agropecuários
857	19874	2006	sim		Número de estabelecimentos agropecuários
858	13442	2006	sim		Número de estabelecimentos agropecuários
859	13751	2006	sim		Número de estabelecimentos agropecuários
862	11077	2006	sim		Número de estabelecimentos agropecuários
863	5548	2006	sim		Número de estabelecimentos agropecuários
864	5548	2006	sim		Número de estabelecimentos agropecuários
865	5528	2006	sim		Número de estabelecimentos agropecuários
876	21050	2005	sim	Empresas / ocupacao	Número de unidades locais das entidades sem fins lucrativos
877	20151	2005	sim	Empresas / ocupacao	Número de unidades locais das fundações privadas e associações sem fins lucrativos
910	5548	2006	sim		Número de estabelecimentos agropecuários
911	29540		sim		Capacidade útil
912	62570		sim		Total de estabelecimentos inativos
913	5548	2006	sim		Número de estabelecimentos agropecuários
914	5548	2006	sim		Número de estabelecimentos agropecuários
916	11054	2006	sim	Empresas / ocupacao	Pessoal ocupado em estabelecimentos agropecuários em 31/12 sem laço de parentesco com o produtor
919	15289	2006	sim		Número de cabeças de bovinos nos estabelecimentos agropecuários com mais de 50 cabeças de bovinos
920	14157	2006	sim		Número de estabelecimentos agropecuários, com mais de 50 cabeças de bovinos em 31/12, que não utilizam pastos comuns ou alugados fora do estabelecimento
921	5570	2006	sim		Número de estabelecimentos agropecuários com mais de 50 cabeças de bovinos
922	11051	2006	sim		Número de estabelecimentos agropecuários com efetivo de bovinos
923	16710	2006	sim		Número de estabelecimentos agropecuários
925	5449	2006	sim		Número de cabeças de bovinos nos estabelecimentos agropecuários com mais de 50 cabeças de bovinos
926	11051	2006	sim		Número de estabelecimentos agropecuários com bovinos
927	28190	2006	sim		Número de estabelecimentos agropecuários com mais de 50 cabeças de bovinos
928	16710	2006	sim		Número de estabelecimentos agropecuários
929	16710	2006	sim		Número de estabelecimentos agropecuários com mais de 50 cabeças de bovinos
930	15445	2006	sim		Número de estabelecimentos agropecuários, com mais de 50 cabeças de bovinos em 31/12, que venderam bovinos
931	12011	2006	sim		Número de estabelecimentos agropecuários, com mais de 50 cabeças de bovinos em 31/12, que venderam bovinos
932	21565	2006	sim		Número de estabelecimentos agropecuários que produziram leite de vaca
933	44369	2006	sim		Número de estabelecimentos agropecuários que produziram leite de vaca
935	20846	2006	sim		Número de estabelecimentos agropecuários com mais de 50 cabeças de bovinos
936	10969	2006	sim		Número de estabelecimentos agropecuários com suínos
937	16710	2006	sim		Número de estabelecimentos agropecuários
938	5564	2008	sim		Municípios que possuem instrumento legal regulador do serviço de abastecimento de água
939	11007	2006	sim		Número de estabelecimentos agropecuários com aves
94	38526	2018	sim		Vacas ordenhadas
940	16710	2006	sim		Número de estabelecimentos agropecuários
941	37026	2006	sim		Número de estabelecimentos agropecuários que produziram ovos de galinhas
942	3369	2006	sim		Número de estabelecimentos agropecuários com mais de 2.000 cabeças de aves em 31/12
943	16506	2006	sim		Número de estabelecimentos agropecuários com aves
944	3712	2006	sim		Número de estabelecimentos agropecuários que compraram ovos de galinhas para incubação no ano
945	16710	2006	sim		Número de estabelecimentos agropecuários, com mais de 2.000 cabeças de galinhas em 31/12, que produziram ovos
946	10534	2006	sim		Número de estabelecimentos agropecuários com criação de outras aves no ano
948	10534	2006	sim		Número de estabelecimentos agropecuários com outras aves
949	16338	2006	sim		Quantidade produzida
95	6351	2017	sim		Ovinos tosquiados nos estabelecimentos agropecuários
950	10965	2006	sim		Número de estabelecimentos agropecuários com equinos
951	16710	2006	sim		Número de estabelecimentos agropecuários
952	7306	2006	sim		Número de estabelecimentos agropecuários com asininos
953	16710	2006	sim		Número de estabelecimentos agropecuários
954	9418	2006	sim		Número de estabelecimentos agropecuários com muares
955	16710	2006	sim		Número de estabelecimentos agropecuários
956	11096	2006	sim	Empresas / ocupacao	Pessoal ocupado em estabelecimentos agropecuários em 31/12
957	5732	2006	sim		Número de estabelecimentos agropecuários com bubalinos
958	16710	2006	sim		Número de estabelecimentos agropecuários com bubalinos
959	2235	2006	sim		Número de estabelecimentos agropecuários que produziram leite de búfala
96	38955	2010	sim		Mulheres de 10 anos ou mais de idade
960	11140	2006	sim		Número de estabelecimentos agropecuários
961	22348	2006	sim		Número de estabelecimentos agropecuários com caprinos
962	16710	2006	sim		Número de estabelecimentos agropecuários
963	9459	2006	sim		Número de estabelecimentos agropecuários que produziram leite de cabra
964	4555	2006	sim		Número de estabelecimentos agropecuários com coelhos
965	16710	2006	sim		Número de estabelecimentos agropecuários com movimento pecuário de coelhos no ano
966	25194	2006	sim		Número de estabelecimentos agropecuários com ovinos
967	16710	2006	sim		Número de estabelecimentos agropecuários
968	6073	2006	sim		Número de estabelecimentos agropecuários que produziram lã
969	6840	2006	sim		Número de estabelecimentos agropecuários com caixas de colmeias na data de referência
97	5565	2010	sim		Mulheres de 10 anos ou mais de idade que tiveram filhos nascidos vivos
970	16710	2006	sim		Número de estabelecimentos agropecuários com apicultura
971	706	2006	sim		Número de estabelecimentos agropecuários que venderam casulos de bicho-da-seda
972	16710	2006	sim		Número de estabelecimentos agropecuários com aquicultura
973	5570	2006	sim		Número de estabelecimentos agropecuários com aquicultura
974	16710	2006	sim		Número de estabelecimentos agropecuários com ranicultura
975	5472	2006	sim		Número de estabelecimentos agropecuários que obtiveram financiamento
976	5564	2008	sim		Municípios com serviço de abastecimento de água por rede geral de distribuição
977	5564	2008	sim		Municípios com serviço de abastecimento de água por rede geral de distribuição
978	5564	2008	sim		Municípios que possuem órgão municipal gestor do serviço de abastecimento de água
98	5565	2010	sim		Filhos tidos nascidos vivos pelas mulheres de 10 anos ou mais de idade
982	5564	2008	sim		Municípios com serviço de esgotamento sanitário
986	5402	2006	sim		Número de estabelecimentos agropecuários com outras aves
993	33420	2016	sim	Empresas / ocupacao	Número de empresas e outras organizações
997	1916	2006	sim		Número de estabelecimentos agropecuários que produziram ovos de ovos outras aves no ano
AREA_MUNICIPIOS_KM	5572		nao		
